plate,fiberid,z,T_e,N_e,chi2,chi2_red,dof,success,hit_bound
528.0,242.0,0.2170588,24657.131887230287,2268.093597280226,0.006637879198230644,0.006637879198230644,1,True,False
741.0,465.0,0.1744779,46151.138680798824,1020.6878954254772,1.1660700483513617,1.1660700483513617,1,True,False
883.0,18.0,0.08296812,35706.77755602584,718.3935984932309,0.20444812599423848,0.20444812599423848,1,True,False
883.0,320.0,0.1773402,35705.61645543942,1114.387332339587,0.3083722913367091,0.3083722913367091,1,True,False
2154.0,589.0,0.1125644,22701.65590556168,1812.5893558385706,0.05071865149632252,0.05071865149632252,1,True,False
525.0,276.0,0.1396436,21662.207701908246,399.18496576427964,0.007560557970872273,0.007560557970872273,1,True,False
595.0,479.0,0.2228534,34455.07717293623,798.8811845650043,0.5912936079986083,0.5912936079986083,1,True,False
667.0,497.0,0.2219165,18528.43498589818,656.7481917202944,4.452875291492544,4.452875291492544,1,True,False
1220.0,539.0,0.03405293,18098.61978731075,1137.0142163341227,0.07115704435552574,0.07115704435552574,1,True,False
1306.0,58.0,0.142955,26036.84958714166,339.0737837370547,0.13477092453937944,0.13477092453937944,1,True,False
1306.0,62.0,0.2982477,17649.12123399572,418.6903211375344,1.2609382645100666,1.2609382645100666,1,True,False
1810.0,293.0,0.08811498,18413.126052412994,1582.7344351107297,2.63897447369137,2.63897447369137,1,True,False
1810.0,429.0,0.1822232,13426.75782332182,746.0799347441078,1.381678333455957,1.381678333455957,1,True,False
2153.0,362.0,0.2115779,21584.95665331368,617.7690033927756,0.1979011137758994,0.1979011137758994,1,True,False
2153.0,379.0,0.200623,21353.97343045104,309.7473653388366,0.01577146937185794,0.01577146937185794,1,True,False
499.0,192.0,0.1327659,12208.60588872975,433.080430639444,4.970497411806206,4.970497411806206,1,True,False
499.0,338.0,0.2072243,19411.864683134463,547.2911242320306,0.04523224232262017,0.04523224232262017,1,True,False
1435.0,158.0,0.1199272,19165.12697962808,549.6882754904873,0.22286824415572754,0.22286824415572754,1,True,False
1435.0,194.0,0.253374,17609.38260086943,2475.749318690075,4.92137502240171,4.92137502240171,1,True,False
1677.0,129.0,0.09925611,31748.722524515604,956.607596487506,2.0293810403292243,2.0293810403292243,1,True,False
2342.0,539.0,0.2063779,30004.508208308805,855.5480899228754,1.3463836757354821,1.3463836757354821,1,True,False
300.0,309.0,0.07327056,36573.080990702714,1402.4726143172106,4.332923617883316,4.332923617883316,1,True,False
373.0,259.0,0.09807353,21289.145664331325,750.0142789062498,0.10720258435267231,0.10720258435267231,1,True,False
374.0,142.0,0.09911174,29038.266721245916,1964.4915110266227,0.07389150552601037,0.07389150552601037,1,True,False
483.0,580.0,0.1734871,18828.499779633894,378.33014135276403,3.005938905463168,3.005938905463168,1,True,False
550.0,535.0,0.03919747,29448.186621087447,313.7174476907883,1.4731323207462361,1.4731323207462361,1,True,False
820.0,600.0,0.09815171,32546.766666981126,1096.4001172697754,2.783212668426182,2.783212668426182,1,True,False
1170.0,300.0,0.07159909,27421.012490362842,436.4213414184721,0.686221715610163,0.686221715610163,1,True,False
1170.0,398.0,0.0440169,46748.21184272883,1300.9163557671793,0.475866544522287,0.475866544522287,1,True,False
1628.0,172.0,0.1038685,36958.77442757092,1153.3015851028374,3.114423023661876,3.114423023661876,1,True,False
1628.0,378.0,0.2530025,25380.613442945294,1025.8184812823115,1.6463448187075362,1.6463448187075362,1,True,False
2037.0,114.0,0.2268893,26316.589911365812,274.6552922124347,2.2287063571133636,2.2287063571133636,1,True,False
2161.0,557.0,0.2538877,33245.75238160548,95.40282741992367,0.4641454178672837,0.4641454178672837,1,True,False
2349.0,60.0,0.1735729,37316.08405617497,1157.4359495262934,2.5310476116727503,2.5310476116727503,1,True,False
2350.0,530.0,0.09768989,29551.031256121176,2364.385610131418,2.705667414221824,2.705667414221824,1,True,False
2351.0,35.0,0.2191801,21889.562941806165,914.713274866226,2.7339585565914506,2.7339585565914506,1,True,False
734.0,398.0,0.07653248,14732.72513642463,478.60091827841234,0.10632766522615955,0.10632766522615955,1,True,False
1379.0,627.0,0.1317395,17750.479305616507,476.7017056971591,1.4711238340107917,1.4711238340107917,1,True,False
1617.0,469.0,0.1268563,21328.630756693663,1568.6213867400274,1.3341917143113897,1.3341917143113897,1,True,False
1618.0,173.0,0.102508,45929.88685360625,377.33017330248236,3.1443395657579827,3.1443395657579827,1,True,False
1685.0,196.0,0.2082178,24566.670669200685,1232.4773746677492,1.8791442881346005,1.8791442881346005,1,True,False
2362.0,502.0,0.07606132,19725.291826737634,1102.836196888167,3.542659761669405,3.542659761669405,1,True,False
350.0,520.0,0.07886094,21991.20518602978,236.72988093025572,0.1818639136401646,0.1818639136401646,1,True,False
597.0,86.0,0.1790286,16788.394977994554,411.91506594462123,0.6722127647922691,0.6722127647922691,1,True,False
733.0,65.0,0.1094153,11795.584477349017,661.3752541523003,4.2615182032663315,4.2615182032663315,1,True,False
881.0,160.0,0.2887917,46755.083909274035,1093.0181912067098,0.8173788889224444,0.8173788889224444,1,True,False
1623.0,105.0,0.08045813,18321.12007608384,1355.1174247037225,2.141176954998929,2.141176954998929,1,True,False
1819.0,565.0,0.07694989,26592.666552018214,1100.8186103273463,3.7716530804321318,3.7716530804321318,1,True,False
2371.0,144.0,0.1198021,37362.94271293546,4460.7518698082995,0.6227595467559629,0.6227595467559629,1,True,False
283.0,294.0,0.3471135,36536.524445415445,688.2858864074232,2.448140925141151,2.448140925141151,1,True,False
662.0,324.0,0.1638668,19450.95181120107,367.88815217526474,0.20884667436094195,0.20884667436094195,1,True,False
937.0,621.0,0.2689166,20322.2687757349,362.6486901844673,0.985516104976584,0.985516104976584,1,True,False
1001.0,363.0,0.168284,14593.171164147638,236.33994947614082,0.10270033858916244,0.10270033858916244,1,True,False
1001.0,571.0,0.1956124,23710.742195433028,550.9719450942299,0.07214570196147213,0.07214570196147213,1,True,False
1679.0,532.0,0.2094742,33640.87782105083,935.9221807547178,0.09551973663804282,0.09551973663804282,1,True,False
1951.0,66.0,0.1443599,25405.829002159513,1228.1622294826698,0.09197868197104851,0.09197868197104851,1,True,False
1951.0,393.0,0.1624269,34149.94642183099,589.6775839186514,0.2573771894837921,0.2573771894837921,1,True,False
2373.0,573.0,0.1287471,19892.629607307455,353.94470460961384,0.99703113322669,0.99703113322669,1,True,False
726.0,539.0,0.1580772,35792.75665211471,1189.669259395769,4.8739103648032,4.8739103648032,1,True,False
790.0,287.0,0.04279729,16983.863287409316,804.8306840422586,4.8343601186974166,4.8343601186974166,1,True,False
932.0,506.0,0.1261385,44916.78140367142,652.6913775228394,1.6109922903606064,1.6109922903606064,1,True,False
1439.0,622.0,0.09428049,32305.970601747835,514.5187934760928,0.3984708278372532,0.3984708278372532,1,True,False
1812.0,451.0,0.167061,22890.117555449044,546.7987959291733,1.1092601102064135,1.1092601102064135,1,True,False
1950.0,344.0,0.137954,31213.1984772792,597.1914815254282,0.9203321781199737,0.9203321781199737,1,True,False
2021.0,27.0,0.1400099,20480.38311590304,946.0090790234017,0.10614172105611841,0.10614172105611841,1,True,False
2090.0,87.0,0.1604291,37815.558497657774,2862.116977845231,3.7895118181579317,3.7895118181579317,1,True,False
2159.0,294.0,0.1274811,27550.93597687579,113.3708242339636,0.02189650025601147,0.02189650025601147,1,True,False
958.0,128.0,0.07112775,37223.43986159493,1229.4261097908807,2.2531233043653063,2.2531233043653063,1,True,False
288.0,544.0,0.1572411,29296.57807548075,625.5359385553986,0.4640916531174169,0.4640916531174169,1,True,False
1959.0,270.0,0.2223833,39408.263172057246,1090.6058029133103,0.46502672798083106,0.46502672798083106,1,True,False
2032.0,220.0,0.06683187,28997.812529533996,454.515759240501,1.6335654840478941,1.6335654840478941,1,True,False
2103.0,30.0,0.165717,29606.52089044797,443.93484119226594,2.5970007815032803,2.5970007815032803,1,True,False
294.0,194.0,0.1701931,38730.80182875053,1645.2151944679883,0.005257325916939477,0.005257325916939477,1,True,False
469.0,453.0,0.1891566,23193.741919020013,692.4680874609875,3.421526568331754,3.421526568331754,1,True,False
606.0,390.0,0.1807441,32364.902221970515,1289.607359973355,1.8688256539544017,1.8688256539544017,1,True,False
1377.0,554.0,0.1604147,20769.479885867513,652.7316487603284,1.3187630621979085,1.3187630621979085,1,True,False
1447.0,599.0,0.03150504,12168.057327919558,239.0937350268256,1.9645586845858123,1.9645586845858123,1,True,False
421.0,405.0,0.1089964,41050.77714241398,415.9198786568231,3.7657497774484976,3.7657497774484976,1,True,False
1769.0,592.0,0.07033616,25106.83387792613,1367.9736494818806,1.7516991504149504,1.7516991504149504,1,True,False
1770.0,158.0,0.08466623,19512.451331413045,463.8382378547699,1.835562743839606,1.835562743839606,1,True,False
1832.0,386.0,0.08070237,34199.01576013526,1481.761522913198,0.5796222724990082,0.5796222724990082,1,True,False
1749.0,274.0,0.1794929,25065.563096640744,1877.2807491649398,0.027673885930529843,0.027673885930529843,1,True,False
1749.0,532.0,0.2336482,19980.058003036153,758.0573925844794,0.39176710512505014,0.39176710512505014,1,True,False
2099.0,370.0,0.06855564,18023.20849991638,544.6216452518441,0.18297150362571205,0.18297150362571205,1,True,False
2168.0,400.0,0.2671891,22318.200745463255,863.163002333536,0.3806916159297549,0.3806916159297549,1,True,False
2431.0,621.0,0.1554891,18739.97472982645,407.86524350809276,4.783111331870131,4.783111331870131,1,True,False
2433.0,92.0,0.3422666,20133.6038937773,54.59742732618371,1.4675027357643557,1.4675027357643557,1,True,False
2435.0,435.0,0.07330082,20601.058193138026,649.0860449996434,1.359746489068633,1.359746489068633,1,True,False
413.0,535.0,0.06709954,48994.98577649121,866.7586365539203,0.5745132056011936,0.5745132056011936,1,True,False
544.0,344.0,0.03316471,24880.59642747312,755.6362214939605,0.04846345296233756,0.04846345296233756,1,True,False
1165.0,231.0,0.04591636,26358.400058178548,990.3875737467138,0.0462428492459934,0.0462428492459934,1,True,False
1825.0,257.0,0.08359461,19175.92180425521,591.8279556279787,1.497937035586698,1.497937035586698,1,True,False
870.0,486.0,0.1323601,34712.64105473994,527.7809322060317,2.007172876941408,2.007172876941408,1,True,False
1317.0,20.0,0.3200656,34236.6161545927,560.2629719063249,0.0016982841349368685,0.0016982841349368685,1,True,False
2172.0,505.0,0.1348432,19406.106954713607,467.55563051350435,0.36883970410419525,0.36883970410419525,1,True,False
614.0,515.0,0.1546302,19034.220564194402,141.90350289023522,0.0422936542809073,0.0422936542809073,1,True,False
816.0,15.0,0.1715658,23722.36828200784,942.4912631529645,2.4951389297427102,2.4951389297427102,1,True,False
1322.0,240.0,0.1382158,14687.168935690863,503.36122408135395,0.6507670889244399,0.6507670889244399,1,True,False
1692.0,398.0,0.07923461,33690.106205570744,371.31905805851886,0.1248437687739423,0.1248437687739423,1,True,False
2108.0,120.0,0.02289685,40195.4802349818,1732.9951358820642,0.8607529068436953,0.8607529068436953,1,True,False
2171.0,54.0,0.2891488,46500.878395954685,938.6662731250844,0.8751385642348146,0.8751385642348146,1,True,False
364.0,61.0,0.04676759,23852.846284112115,981.12816172437,0.5305936645466153,0.5305936645466153,1,True,False
892.0,562.0,0.06014777,20238.499814924282,716.6572394800374,1.3901959388118046,1.3901959388118046,1,True,False
1392.0,610.0,0.1584259,13904.400080006919,1835.7756634677098,4.966973846859371,4.966973846859371,1,True,False
1393.0,35.0,0.1309488,26589.924806447903,1402.4283126183918,0.5104285877281013,0.5104285877281013,1,True,False
371.0,215.0,0.110824,23953.383159365883,685.3534575062075,2.490231793176864,2.490231793176864,1,True,False
556.0,352.0,0.1363783,32377.421578750615,109.28626257385267,0.02674950195066445,0.02674950195066445,1,True,False
827.0,417.0,0.2300598,29504.935690412047,1451.8405683129004,2.51121363414144,2.51121363414144,1,True,False
965.0,320.0,0.227953,30607.469228740003,805.0388855151069,3.3984380066803546,3.3984380066803546,1,True,False
1576.0,100.0,0.1376014,21616.538337011098,1328.821663445239,3.7206249799273574,3.7206249799273574,1,True,False
1833.0,404.0,0.08061591,15124.50571022921,433.8195557074641,3.5652302602175796,3.5652302602175796,1,True,False
2488.0,585.0,0.1578177,20764.458920580968,215.1935902474544,2.6033918164971164,2.6033918164971164,1,True,False
2490.0,78.0,0.05214465,18386.005978549445,1426.5173990745825,0.9063554089450048,0.9063554089450048,1,True,False
2493.0,212.0,0.1153366,15427.41683399062,806.9669969813172,1.8434075381761206,1.8434075381761206,1,True,False
2493.0,350.0,0.09570611,16376.563462563738,749.6060031666884,4.702321698620936,4.702321698620936,1,True,False
354.0,617.0,0.06878067,26982.363685031207,1843.0276958493544,0.4083641937342626,0.4083641937342626,1,True,False
472.0,101.0,0.2225492,18828.77576959195,59.051699109621765,0.0794574597519801,0.0794574597519801,1,True,False
1690.0,395.0,0.1335109,29508.888662523404,1671.957654020665,0.3779616823899343,0.3779616823899343,1,True,False
1820.0,563.0,0.2105176,42368.329180599285,651.7230820128749,0.2611546491566809,0.2611546491566809,1,True,False
2104.0,178.0,0.03201681,24932.240293922572,1179.0546575906703,0.014522502250952647,0.014522502250952647,1,True,False
2167.0,484.0,0.07240462,27875.189916792064,1225.8086897465043,4.10872398158319,4.10872398158319,1,True,False
2499.0,555.0,0.1570965,24133.945734665886,733.5492509201812,0.18185681718068603,0.18185681718068603,1,True,False
2500.0,197.0,0.07907487,29103.38377111993,620.8298415383691,1.1209469067797193,1.1209469067797193,1,True,False
2500.0,261.0,0.08934598,26476.03106071103,2087.63462978626,2.6898625039976016,2.6898625039976016,1,True,False
2501.0,358.0,0.06940463,21457.491811003092,460.0748434897427,0.04117135332334148,0.04117135332334148,1,True,False
2501.0,384.0,0.05893762,23189.4684412695,396.97261350064315,1.1650321691725887,1.1650321691725887,1,True,False
2501.0,390.0,0.2101639,21230.77066127459,1329.2855169183363,2.816012142922889,2.816012142922889,1,True,False
2502.0,66.0,0.3245617,25859.27404598909,187.83432216661654,1.2538557886801007,1.2538557886801007,1,True,False
589.0,25.0,0.1369543,40116.160660500966,408.8173127925831,0.3977809910962664,0.3977809910962664,1,True,False
589.0,111.0,0.03588414,20136.393547049047,1449.5631770641264,1.5673574291106367,1.5673574291106367,1,True,False
872.0,372.0,0.1985823,31564.7333016197,708.6344423636388,0.03979267973667528,0.03979267973667528,1,True,False
1384.0,291.0,0.2095468,25857.697179021317,429.67660177492627,0.017256616580784576,0.017256616580784576,1,True,False
1696.0,549.0,0.2204827,41734.67566299489,331.7572500658584,0.9026724168589891,0.9026724168589891,1,True,False
1697.0,207.0,0.1185561,18303.171937530697,674.4154791198838,0.06611380897868926,0.06611380897868926,1,True,False
1763.0,174.0,0.2859516,17370.305486958354,192.95951384633432,0.46336442698460495,0.46336442698460495,1,True,False
1975.0,225.0,0.05044332,15314.859712944783,780.5835513152189,2.7612068671266305,2.7612068671266305,1,True,False
2504.0,209.0,0.1006608,39813.74604894821,632.4681114533686,0.18673969452124148,0.18673969452124148,1,True,False
2504.0,446.0,0.1534156,43680.782429313906,1544.2922696664627,0.4038073764281006,0.4038073764281006,1,True,False
1339.0,568.0,0.1228137,14675.175049524718,669.2534380751283,3.279972651603734,3.279972651603734,1,True,False
1405.0,263.0,0.08931328,24537.981894081957,670.4670708230883,0.6995838960259649,0.6995838960259649,1,True,False
1583.0,105.0,0.1096307,14441.303687034015,1267.1729306163675,0.18928239912630768,0.18928239912630768,1,True,False
1708.0,545.0,0.1289209,22255.711325837816,126.80710972402646,4.802457545377403,4.802457545377403,1,True,False
1775.0,561.0,0.161348,22141.93643555963,537.6607395708587,1.129744489459487,1.129744489459487,1,True,False
2514.0,150.0,0.2622804,19214.958471802365,495.3005957498586,0.01723896100674848,0.01723896100674848,1,True,False
2516.0,557.0,0.2370256,22816.65484326324,4307.75040732142,0.8105596730262021,0.8105596730262021,1,True,False
530.0,165.0,0.03288136,34004.66079199854,1954.9789429291736,0.14087751799749268,0.14087751799749268,1,True,False
605.0,175.0,0.07529317,19322.46422968669,884.6303769735935,1.1392588147873108,1.1392588147873108,1,True,False
812.0,278.0,0.2455552,15359.558651365727,419.48572218392525,0.00023362390583818655,0.00023362390583818655,1,True,False
956.0,547.0,0.190127,33820.103822561054,1378.1074454208263,2.6074838359255583,2.6074838359255583,1,True,False
1332.0,53.0,0.2289108,17601.164447601706,358.3810244165045,0.06763662474955263,0.06763662474955263,1,True,False
1572.0,562.0,0.05942016,19803.4061421559,1001.3704110030545,1.78311898588541,1.78311898588541,1,True,False
1841.0,203.0,0.05510139,19107.452583391627,534.4258183488771,2.244255620073936,2.244255620073936,1,True,False
2520.0,392.0,0.1969672,24723.26217786451,95.0758163809731,0.09153649690912083,0.09153649690912083,1,True,False
2524.0,38.0,0.3589991,26428.63770462375,1089.0836438946858,0.5921898468787979,0.5921898468787979,1,True,False
485.0,16.0,0.09561168,16465.968064864064,789.3110949492764,3.241220361725865,3.241220361725865,1,True,False
1329.0,149.0,0.1639493,28351.599205279996,966.676525909602,1.2111884462363005,1.2111884462363005,1,True,False
1567.0,491.0,0.17693,24406.09185085484,1354.099268147258,3.520716884175908,3.520716884175908,1,True,False
2110.0,633.0,0.2353901,21834.736463713063,1129.2403784207038,2.207990319130568,2.207990319130568,1,True,False
2527.0,262.0,0.2291682,24469.753932922573,5373.763397482914,3.9095580018790903,3.9095580018790903,1,True,False
2531.0,557.0,0.1652013,32690.858758315528,1320.8228555081214,0.18102372500016645,0.18102372500016645,1,True,False
2532.0,599.0,0.09159148,40267.853657147505,474.26514711192334,4.818671801830395,4.818671801830395,1,True,False
604.0,90.0,0.1161843,22295.808217561214,725.3746813768493,0.0006237869579978284,0.0006237869579978284,1,True,False
1018.0,452.0,0.09002344,42717.413636773665,1727.589452823442,0.04496320300480089,0.04496320300480089,1,True,False
1330.0,551.0,0.3302634,20613.272343657307,1155.2851796360712,0.038723746720307387,0.038723746720307387,1,True,False
1842.0,379.0,0.1249678,24048.05910105767,627.4480154446968,0.010278812598007874,0.010278812598007874,1,True,False
465.0,294.0,0.08872492,21021.11385111261,427.45157275610154,1.0006553937625207,1.0006553937625207,1,True,False
532.0,497.0,0.3094858,16861.21018227642,1901.4164789410372,1.5073437779298615,1.5073437779298615,1,True,False
1011.0,181.0,0.06778385,40647.4961143799,2071.806764855238,1.683995109680176,1.683995109680176,1,True,False
1159.0,219.0,0.1216335,16784.983126552263,171.40245919503758,0.07563956725107174,0.07563956725107174,1,True,False
1159.0,225.0,0.1502219,24666.118532798075,160.6990683516063,0.17830038345620094,0.17830038345620094,1,True,False
1390.0,565.0,0.1767942,16917.20452713065,152.74953850042064,2.7437135288853964,2.7437135288853964,1,True,False
1701.0,200.0,0.1263564,33923.69020148831,676.4114782236729,3.3014378973099774,3.3014378973099774,1,True,False
1768.0,237.0,0.2594952,34124.724786182014,455.95404580927703,0.27019383715092843,0.27019383715092843,1,True,False
1768.0,290.0,0.09895116,26484.776399369122,1142.4500010304907,2.5087726069502665,2.5087726069502665,1,True,False
1830.0,156.0,0.09305653,24940.829822264946,353.6689563042627,1.709561565167511,1.709561565167511,1,True,False
1830.0,553.0,0.09245619,25213.517025816895,1933.8834262880375,0.9254320125475927,0.9254320125475927,1,True,False
311.0,443.0,0.07209635,35168.25446100008,686.7258498730728,0.049770294590437913,0.049770294590437913,1,True,False
498.0,37.0,0.1478245,19305.457413035452,960.06935744421,0.08300076647004516,0.08300076647004516,1,True,False
498.0,72.0,0.1988256,18400.62106915539,1121.2100073839981,1.7121637438705566,1.7121637438705566,1,True,False
498.0,321.0,0.1969083,47721.314715880944,415.5448161355028,2.7231619672844753,2.7231619672844753,1,True,False
567.0,387.0,0.2077811,33421.24228812778,1988.3491287339452,0.8404396355733335,0.8404396355733335,1,True,False
568.0,14.0,0.09663435,14719.758857290359,818.7598438514345,3.2142302811940677,3.2142302811940677,1,True,False
768.0,390.0,0.1513117,17193.65778260347,285.13690635833626,0.1373485910973823,0.1373485910973823,1,True,False
1036.0,148.0,0.2088531,21414.6369630655,1295.9462373102801,0.0011995550709028796,0.0011995550709028796,1,True,False
1651.0,620.0,0.03571216,33799.424335946074,1054.0528222689597,1.4910378970877034,1.4910378970877034,1,True,False
308.0,115.0,0.138599,36017.045317110314,227.55660162911127,0.283648744544869,0.283648744544869,1,True,False
308.0,296.0,0.2915081,19913.09501687708,2046.7918263128224,1.61352348281444,1.61352348281444,1,True,False
308.0,546.0,0.08045062,23429.104754690557,324.91349288318963,0.03742834585549264,0.03742834585549264,1,True,False
1712.0,440.0,0.1593742,34291.01105259399,633.0417127733375,0.6063775205213771,0.6063775205213771,1,True,False
2570.0,138.0,0.05326737,25795.39988425048,729.0123869682318,2.209281821414616,2.209281821414616,1,True,False
564.0,431.0,0.0638359,17125.41243296719,408.5915673717386,1.5401113125979062,1.5401113125979062,1,True,False
564.0,508.0,0.1068865,36430.8327297463,695.5405662909297,3.998428601734895,3.998428601734895,1,True,False
769.0,298.0,0.08548771,30064.196965277704,384.0136923118627,2.820358534731945,2.820358534731945,1,True,False
911.0,283.0,0.08525516,26722.3802700981,523.5071214555347,0.24931288705873927,0.24931288705873927,1,True,False
911.0,333.0,0.1513289,25606.405689508174,1164.0052462065712,0.8059432463782348,0.8059432463782348,1,True,False
975.0,192.0,0.2107578,19198.8368886807,187.59391921448315,0.38697467199924757,0.38697467199924757,1,True,False
975.0,426.0,0.2268774,42077.44401651345,781.7251179592786,4.693416140237301,4.693416140237301,1,True,False
1718.0,526.0,0.09897314,28710.02618815515,787.3859073056137,3.2896039751877444,3.2896039751877444,1,True,False
1785.0,137.0,0.142299,22312.16440199312,522.3940650399475,0.22809600735210825,0.22809600735210825,1,True,False
1992.0,577.0,0.06838022,23010.31839449206,637.4327932936725,3.8415108847219055,3.8415108847219055,1,True,False
2124.0,233.0,0.1298672,17008.73031300067,1356.7587310537888,0.7635819033876258,0.7635819033876258,1,True,False
639.0,179.0,0.26011,37804.099999169426,362.2736219377524,1.140090819359339,1.140090819359339,1,True,False
1347.0,446.0,0.2149628,38361.09814186663,1595.3284846808813,0.2317718036651398,0.2317718036651398,1,True,False
1417.0,332.0,0.1633669,21045.557611127584,874.766372285429,0.23184659748539346,0.23184659748539346,1,True,False
1783.0,491.0,0.2830327,39465.349234069035,1382.2073987611084,0.050855489172729196,0.050855489172729196,1,True,False
1846.0,414.0,0.1261915,40546.165684750325,1555.8095535392786,0.04799821747031973,0.04799821747031973,1,True,False
2583.0,441.0,0.1378382,37997.3124899338,798.2365878032497,0.22402527042085327,0.22402527042085327,1,True,False
2583.0,476.0,0.2680578,31952.696647340705,1077.074704509628,0.34357103262567446,0.34357103262567446,1,True,False
2585.0,197.0,0.2829038,19840.98184875926,424.67233601055864,0.21769536714263163,0.21769536714263163,1,True,False
2587.0,219.0,0.1412475,19320.939741900835,1058.8564624731498,2.6494471399972,2.6494471399972,1,True,False
503.0,585.0,0.06992867,29710.03632184195,754.3353054491673,1.3254388384852696,1.3254388384852696,1,True,False
1851.0,627.0,0.08764245,31684.98771722042,1538.6932474477267,0.43511038023032506,0.43511038023032506,1,True,False
2588.0,542.0,0.1433991,30174.812454211926,71.98507708888128,4.627251104791971,4.627251104791971,1,True,False
2591.0,485.0,0.105891,28564.721344748,759.2157883126976,0.20589506816505443,0.20589506816505443,1,True,False
2594.0,154.0,0.1128763,31292.837721582793,691.9381782615119,0.00015154747829348222,0.00015154747829348222,1,True,False
2595.0,591.0,0.1484291,24269.168448815886,1299.9301113767585,0.02761987389244462,0.02761987389244462,1,True,False
542.0,39.0,0.1915011,24315.37135903147,207.59783768467693,1.9996247468900339,1.9996247468900339,1,True,False
675.0,593.0,0.05378426,24206.93756821915,655.6557555265524,4.054821773268161,4.054821773268161,1,True,False
826.0,266.0,0.08381648,15601.94938429684,1022.6392550040863,0.2653779540558661,0.2653779540558661,1,True,False
962.0,197.0,0.06329979,29393.511193083647,1522.5063776870734,0.007559952714338045,0.007559952714338045,1,True,False
962.0,349.0,0.1007588,29492.742860114402,154.05825670540608,0.7108181765805048,0.7108181765805048,1,True,False
1398.0,409.0,0.1239131,24024.962282344615,844.9946860724319,0.4782370680959248,0.4782370680959248,1,True,False
1398.0,470.0,0.09467856,24229.69096693089,2838.0327386059394,1.8173193662714802,1.8173193662714802,1,True,False
1776.0,361.0,0.1967226,30130.385736811284,2389.724383076589,0.043896564755949725,0.043896564755949725,1,True,False
1776.0,535.0,0.2805369,24822.432459161053,1895.4856635389585,0.8974073293934111,0.8974073293934111,1,True,False
1838.0,552.0,0.2133969,31659.65569926404,130.1048822840108,1.9745495325761009,1.9745495325761009,1,True,False
2600.0,608.0,0.1478168,27154.45375400788,1251.7204908236756,1.4984236432699707,1.4984236432699707,1,True,False
1059.0,628.0,0.06183716,27331.740989634884,699.7141754865606,0.042161626182652144,0.042161626182652144,1,True,False
1452.0,557.0,0.1376694,27824.15844892846,660.076515883727,0.2644625874796311,0.2644625874796311,1,True,False
1834.0,341.0,0.1740427,17366.61311560462,681.2615209377176,0.21908842475191406,0.21908842475191406,1,True,False
1834.0,638.0,0.2317383,26745.808164104244,312.35605339429685,1.1358787816153626,1.1358787816153626,1,True,False
2128.0,171.0,0.1178776,44619.968110821166,770.2382743761997,4.180730374318542,4.180730374318542,1,True,False
2610.0,281.0,0.2152578,36947.43487696707,542.8314772115264,1.4114024956221938,1.4114024956221938,1,True,False
353.0,498.0,0.2737246,34498.27165050151,3824.2942299589495,0.2953486255728689,0.2953486255728689,1,True,False
475.0,568.0,0.05690337,32467.542644277964,483.3775907144946,0.2708276552482054,0.2708276552482054,1,True,False
547.0,93.0,0.2385799,34747.34435689049,15.598209876857183,0.03766680706714236,0.03766680706714236,1,True,False
751.0,509.0,0.06786882,27235.458420325216,1047.1875216412645,1.7259267165157897,1.7259267165157897,1,True,False
2615.0,462.0,0.1313441,39307.17633335621,919.0140682494601,0.1109584277329116,0.1109584277329116,1,True,False
288.0,111.0,0.2119447,34839.88910411936,500.189053072139,0.4068540930223214,0.4068540930223214,1,True,False
613.0,454.0,0.1284863,23401.361033604007,899.8217824067101,0.13974358246968271,0.13974358246968271,1,True,False
755.0,322.0,0.1540352,13409.192758091098,195.0940414387879,0.6506921885711582,0.6506921885711582,1,True,False
1328.0,33.0,0.1310712,20766.52109598763,1383.2532956575767,1.1620825848395373,1.1620825848395373,1,True,False
1328.0,553.0,0.1319314,20897.531903331153,508.5214176107397,0.2020108744659506,0.2020108744659506,1,True,False
1467.0,193.0,0.121841,26339.80295513403,1752.4520122267063,1.9678583479461362,1.9678583479461362,1,True,False
1189.0,117.0,0.09382417,26855.76773134567,299.03186593152833,3.7461769716236994,3.7461769716236994,1,True,False
1415.0,144.0,0.1534853,29547.22103693502,938.3309193981747,4.622396199363932,4.622396199363932,1,True,False
1717.0,331.0,0.03039338,45885.959273163484,936.0881078130442,0.0011239426043436005,0.0011239426043436005,1,True,False
1848.0,252.0,0.09733252,19281.451922086402,778.2249804812592,0.4496006299180917,0.4496006299180917,1,True,False
2127.0,262.0,0.1907676,13882.499435915814,237.73029175520037,0.36185978230198806,0.36185978230198806,1,True,False
2641.0,223.0,0.1574399,22303.006757640163,475.7351234023157,3.7190405866564586,3.7190405866564586,1,True,False
269.0,276.0,0.1227426,37144.29170972253,673.5721043763212,0.9952346093143936,0.9952346093143936,1,True,False
269.0,498.0,0.1227516,29573.354842846435,501.9650053969823,4.344033964578447,4.344033964578447,1,True,False
578.0,200.0,0.05251931,40628.03441378075,902.3586672987271,0.02036281378211167,0.02036281378211167,1,True,False
917.0,198.0,0.1251747,35843.53316434006,109.82860909360197,1.2769105108356742,1.2769105108356742,1,True,False
981.0,575.0,0.3165498,29751.372461816725,288.1300253102109,1.3220850525688908,1.3220850525688908,1,True,False
2648.0,187.0,0.111654,24874.577443104565,716.8725690070585,3.9137062752938365,3.9137062752938365,1,True,False
2649.0,484.0,0.08617543,38002.75629497404,601.8005967631615,0.31562020502409727,0.31562020502409727,1,True,False
2650.0,207.0,0.2825699,23479.28193834487,585.8264466137581,0.06833492867175411,0.06833492867175411,1,True,False
1283.0,430.0,0.1213797,25883.381045445352,1378.2406115528709,0.43878372540051286,0.43878372540051286,1,True,False
1420.0,581.0,0.1357318,17869.26642806623,465.9606655807587,0.42739748143456474,0.42739748143456474,1,True,False
1850.0,120.0,0.2594693,41628.386465563264,911.4109229350528,0.32637756244957905,0.32637756244957905,1,True,False
1850.0,531.0,0.2204602,25778.83608731664,1813.0302843294014,1.5235486379949137,1.5235486379949137,1,True,False
1997.0,126.0,0.03814846,22864.172358358002,954.3118928885896,4.667695735695209,4.667695735695209,1,True,False
1997.0,404.0,0.07983591,43583.754812081774,1382.0198735686552,3.6213880603069864e-06,3.6213880603069864e-06,1,True,False
2662.0,57.0,0.2234823,24650.319578886563,861.1835836913743,0.925246448091348,0.925246448091348,1,True,False
381.0,220.0,0.108064,46302.391712816934,1774.433712236537,0.035918111948215266,0.035918111948215266,1,True,False
1032.0,54.0,0.1101719,17486.11517862031,969.5539117289114,3.5748631852957917,3.5748631852957917,1,True,False
1338.0,485.0,0.0750982,36270.796862119736,1405.0653695000194,0.3865478040278672,0.3865478040278672,1,True,False
1404.0,235.0,0.0482723,28240.763598967846,768.7273050740587,0.06017928486138679,0.06017928486138679,1,True,False
1713.0,222.0,0.2941529,22012.589852067347,1096.5600989523275,0.003293379108014299,0.003293379108014299,1,True,False
1779.0,594.0,0.1701211,21240.185960762556,722.0620885530502,0.465750794144783,0.465750794144783,1,True,False
1844.0,172.0,0.1089337,33362.63940065832,1542.7838711780066,0.17803996197683414,0.17803996197683414,1,True,False
1844.0,446.0,0.1936767,26310.53547594778,465.0973887639292,0.03353913044248375,0.03353913044248375,1,True,False
2664.0,270.0,0.07817235,19277.39903256963,443.8326081695326,1.4497000487392884,1.4497000487392884,1,True,False
2665.0,629.0,0.0552567,20546.934342661174,186.3394217010974,2.570492614053409,2.570492614053409,1,True,False
2666.0,86.0,0.1609604,19319.906494488554,987.2379849156284,2.1951764931239452,2.1951764931239452,1,True,False
632.0,208.0,0.218991,22606.2596974088,727.8089450802808,2.7514358088236888,2.7514358088236888,1,True,False
836.0,453.0,0.1011093,48043.64154088556,44.28156446418947,0.1854618013307795,0.1854618013307795,1,True,False
1274.0,492.0,0.1848132,37507.13158279819,474.8263818983772,1.4849795548374796,1.4849795548374796,1,True,False
1408.0,498.0,0.2283791,18406.71522950482,736.0121774196818,1.7881764479698963,1.7881764479698963,1,True,False
1649.0,578.0,0.08976408,14942.159018631615,832.0578469916719,0.8628336540714214,0.8628336540714214,1,True,False
1714.0,299.0,0.1575816,19885.769611604694,203.92280795542425,0.04566586435602741,0.04566586435602741,1,True,False
1781.0,71.0,0.2698193,29964.59700488869,1588.3708551295995,2.5525608372178072,2.5525608372178072,1,True,False
1845.0,483.0,0.2250198,47787.175453027725,882.8993491248845,0.06857947732263615,0.06857947732263615,1,True,False
1989.0,317.0,0.1658902,37744.46650465476,4431.291725314614,2.5366673127169026,2.5366673127169026,1,True,False
2123.0,562.0,0.165063,19124.273832611056,825.3613837684885,1.4098098091338604,1.4098098091338604,1,True,False
995.0,486.0,0.1617644,32192.788386342036,1312.619631010518,4.538200736752429,4.538200736752429,1,True,False
1061.0,116.0,0.04100384,37935.28723812265,1503.6833301639595,0.4196895190311018,0.4196895190311018,1,True,False
1310.0,371.0,0.1803288,21499.661654798758,1633.859115806185,1.8967903015116216,1.8967903015116216,1,True,False
1377.0,497.0,0.1365749,19426.687525587884,947.1866377095073,1.1551168582682134,1.1551168582682134,1,True,False
1835.0,33.0,0.1142152,20027.14506344044,598.1079171810208,0.0012554787689048178,0.0012554787689048178,1,True,False
449.0,614.0,0.09439446,25073.583196220134,166.78713110398166,1.3325599874905216,1.3325599874905216,1,True,False
517.0,591.0,0.2384808,32331.641089024823,885.561880534163,0.20646569094709744,0.20646569094709744,1,True,False
721.0,73.0,0.2466833,21907.63112178397,1399.5663737730847,0.0010088711714778176,0.0010088711714778176,1,True,False
721.0,214.0,0.07274643,28917.76311039903,584.9188570218491,0.3128316688374388,0.3128316688374388,1,True,False
1353.0,214.0,0.07435244,27530.949172322456,1091.6535821962948,1.1269091173354422,1.1269091173354422,1,True,False
1588.0,392.0,0.09797979,23979.00380843735,65.0097112652098,0.4515077026753948,0.4515077026753948,1,True,False
1730.0,116.0,0.2069585,33621.10548522325,2288.3566428319677,0.37757601992987977,0.37757601992987977,1,True,False
2002.0,534.0,0.09122871,44319.03306299341,721.8299619389849,0.2541585803257489,0.2541585803257489,1,True,False
2134.0,268.0,0.2622485,28710.527383984696,805.5347650090745,2.2497447238226584,2.2497447238226584,1,True,False
394.0,429.0,0.1346495,26967.88125525114,467.4548449767045,1.1191493913140544,1.1191493913140544,1,True,False
1418.0,53.0,0.05289855,27571.14222551745,1023.4055899780669,1.1610504894971507,1.1610504894971507,1,True,False
2000.0,187.0,0.1912078,39504.62198187764,1999.6666848790942,0.005894741346461625,0.005894741346461625,1,True,False
2197.0,358.0,0.199555,15305.577477400238,472.02472720789166,0.04252832565031383,0.04252832565031383,1,True,False
2744.0,410.0,0.1245558,20219.78231233236,718.1656141832916,0.17108556627637858,0.17108556627637858,1,True,False
912.0,503.0,0.207877,31849.356932032457,895.0611907618647,3.6133235049728185,3.6133235049728185,1,True,False
913.0,6.0,0.101069,23473.961356154137,993.6530198834785,0.39592923595280316,0.39592923595280316,1,True,False
1287.0,33.0,0.07453756,23805.830001112357,265.2338210945019,0.9371547883163894,0.9371547883163894,1,True,False
1791.0,64.0,0.1649383,18630.39981981073,548.8289888007407,1.6862686932010817,1.6862686932010817,1,True,False
2198.0,514.0,0.1624827,26077.581324577703,682.0870352348544,0.4739171856508781,0.4739171856508781,1,True,False
2752.0,313.0,0.08560693,25812.320809169898,250.71906690140574,0.08241509199769363,0.08241509199769363,1,True,False
552.0,279.0,0.3201881,22823.289455253187,2499.1066319998763,4.0251397187376465,4.0251397187376465,1,True,False
900.0,492.0,0.07803497,21488.46092291245,1022.4478369560944,0.4149566165453617,0.4149566165453617,1,True,False
966.0,499.0,0.09564084,38285.170354298956,598.7861695160293,0.475681763692328,0.475681763692328,1,True,False
2001.0,170.0,0.06302489,22123.383106213292,839.4460338188698,0.00029057727785499274,0.00029057727785499274,1,True,False
2200.0,198.0,0.1349734,18770.821749022136,578.7304672255598,0.10542298606792898,0.10542298606792898,1,True,False
2756.0,150.0,0.08234768,22805.07532601177,698.8560237057168,0.15593225147329107,0.15593225147329107,1,True,False
2757.0,534.0,0.2451501,26101.30168098603,341.0898819999396,4.8735876933474485,4.8735876933474485,1,True,False
2760.0,22.0,0.07819727,15882.453831696195,323.9865293629715,0.53182794178737,0.53182794178737,1,True,False
2760.0,114.0,0.1435146,27215.537755357273,592.3762540267462,1.844780701556617,1.844780701556617,1,True,False
2760.0,366.0,0.1024374,17875.118270572053,925.2994390037841,0.04600801640122415,0.04600801640122415,1,True,False
2761.0,101.0,0.07300445,25440.82505951035,454.58473375443,3.8344544022854024,3.8344544022854024,1,True,False
2761.0,141.0,0.1629362,19792.234053836266,689.4881810248205,2.484968235233051,2.484968235233051,1,True,False
491.0,439.0,0.167366,24710.589128559008,1821.5733639770785,0.060531098877334086,0.060531098877334086,1,True,False
492.0,177.0,0.1169268,39304.943661816964,1309.1783794297776,2.6820033338354174,2.6820033338354174,1,True,False
627.0,151.0,0.1657785,17847.285244298368,984.8443487955311,0.010679914282328947,0.010679914282328947,1,True,False
970.0,347.0,0.06206207,28546.856761268205,802.3329020706202,0.3783011275601395,0.3783011275601395,1,True,False
1186.0,372.0,0.06364542,24138.34859586048,595.7312625079487,1.0166960173508923,1.0166960173508923,1,True,False
1600.0,212.0,0.09526625,26863.34225656528,1416.4549536341708,3.704100460015561,3.704100460015561,1,True,False
1667.0,537.0,0.09188017,22392.27432045225,506.59408041603194,0.02918950201624456,0.02918950201624456,1,True,False
2137.0,533.0,0.1996945,19158.409616277695,2410.038311855441,1.2268487507102939,1.2268487507102939,1,True,False
2761.0,548.0,0.174509,20050.99085896237,1368.5902315654562,1.163844647809953,1.163844647809953,1,True,False
2762.0,261.0,0.08829488,35650.07714491312,723.0644462132856,1.4449597951471915,1.4449597951471915,1,True,False
505.0,296.0,0.09694496,17126.84783376702,1187.903488573161,2.2409523009361227,2.2409523009361227,1,True,False
714.0,560.0,0.169485,14198.484830169078,392.52794761053286,0.062438905602008,0.062438905602008,1,True,False
989.0,562.0,0.1390878,15524.210521288715,1388.1448903334506,1.4875808501528123,1.4875808501528123,1,True,False
1052.0,519.0,0.1928677,18598.165195322606,472.522512860608,3.653217888523904,3.653217888523904,1,True,False
1300.0,286.0,0.07206485,14599.497590309551,1435.9914958884071,0.9514400873056045,0.9514400873056045,1,True,False
1368.0,71.0,0.08773512,15767.756392188137,586.8348203895498,0.04983924033763036,0.04983924033763036,1,True,False
2771.0,226.0,0.2209211,30209.094058119303,731.5172631882549,2.9540135666095644,2.9540135666095644,1,True,False
2773.0,466.0,0.07721192,28544.838328377602,1687.1792985058564,0.27203035356841976,0.27203035356841976,1,True,False
511.0,126.0,0.05791176,38794.841641692474,448.2480035342397,4.362746798153572e-05,4.362746798153572e-05,1,True,False
644.0,592.0,0.2202251,28179.73393212748,321.65480205146054,0.010288836810106143,0.010288836810106143,1,True,False
849.0,137.0,0.102402,43268.120549891646,132.97513610198774,0.1581226156143806,0.1581226156143806,1,True,False
1930.0,544.0,0.1027043,40007.7958458007,1301.0669332512934,0.7357496617905812,0.7357496617905812,1,True,False
2786.0,316.0,0.08440505,17534.706540481864,1068.3548930965499,1.070819923909983,1.070819923909983,1,True,False
2789.0,400.0,0.1203033,21364.84728038626,923.0162544030363,0.38373389975764594,0.38373389975764594,1,True,False
2790.0,390.0,0.06664931,21686.947809109526,678.833017285948,0.1749406025609582,0.1749406025609582,1,True,False
2792.0,32.0,0.1646758,18268.594534679887,2098.52771257848,4.978596969102298,4.978596969102298,1,True,False
367.0,197.0,0.2723368,32374.353620152466,733.1503084242111,0.753795925970414,0.753795925970414,1,True,False
417.0,87.0,0.2384804,23319.744746449895,1707.3735000227034,0.3027023712464478,0.3027023712464478,1,True,False
690.0,312.0,0.1067491,21336.435231234547,436.388495428517,2.7722671446346796,2.7722671446346796,1,True,False
829.0,58.0,0.170047,33914.01742355271,554.4486869665001,0.8454395407160751,0.8454395407160751,1,True,False
829.0,163.0,0.1796595,13942.030770086641,937.4062576838227,1.3160849057797277,1.3160849057797277,1,True,False
1273.0,569.0,0.2209845,20282.721061678145,1360.4833602518365,1.851324718398748,1.851324718398748,1,True,False
1407.0,281.0,0.2498068,29464.008226477097,58.989293766440795,0.011935243663542846,0.011935243663542846,1,True,False
1720.0,632.0,0.3326333,26485.677174153512,206.41458230367286,0.36330135396199886,0.36330135396199886,1,True,False
1786.0,234.0,0.2206458,28600.50702392004,1076.511006354032,2.3400350740258355,2.3400350740258355,1,True,False
1854.0,543.0,0.1954295,14866.44129235943,603.6634092768463,0.16989419935726993,0.16989419935726993,1,True,False
1927.0,604.0,0.1735183,14229.320568469342,798.9031774902858,2.0301788943963484,2.0301788943963484,1,True,False
2201.0,141.0,0.1739602,29577.99287609198,634.9043430201157,0.013737757869516707,0.013737757869516707,1,True,False
2783.0,449.0,0.09329126,19771.735668030167,808.3136833347875,0.6051456296041628,0.6051456296041628,1,True,False
463.0,107.0,0.1724222,28518.024268536163,1584.1238167854399,0.2767276634420144,0.2767276634420144,1,True,False
732.0,367.0,0.2172213,37169.76568804041,530.7743352017084,1.1413807267569085,1.1413807267569085,1,True,False
732.0,489.0,0.2444964,18530.890336058572,1692.0969082737272,4.780044885655179,4.780044885655179,1,True,False
999.0,116.0,0.244797,34745.812170031226,164.21709541674107,3.3192713137069587,3.3192713137069587,1,True,False
1212.0,603.0,0.08645111,32118.750515519718,762.9223283931465,2.7186945016921213,2.7186945016921213,1,True,False
1213.0,187.0,0.1588044,23981.670236009715,1143.3927527645694,0.21595921538437063,0.21595921538437063,1,True,False
290.0,21.0,0.08082828,21891.446596059784,706.2597612707856,0.9375838884315354,0.9375838884315354,1,True,False
1732.0,251.0,0.2290608,48035.980338020614,3927.527644752925,0.8417992433549494,0.8417992433549494,1,True,False
1797.0,139.0,0.1993042,15963.0952073663,1026.1054902594344,0.002930316512163933,0.002930316512163933,1,True,False
2004.0,169.0,0.2087923,27078.406574712866,983.0220858238876,1.5329782056211725,1.5329782056211725,1,True,False
2137.0,99.0,0.2184688,44087.28705531277,1732.18584251034,3.537573753911345,3.537573753911345,1,True,False
719.0,631.0,0.191863,45472.3777198776,403.45032158835824,1.9722812078623935,1.9722812078623935,1,True,False
1599.0,167.0,0.1615831,30648.909084503353,1000.6393344213001,1.2297831666835384,1.2297831666835384,1,True,False
1665.0,121.0,0.04717364,25035.7301469798,595.6626613141927,0.4520490359642832,0.4520490359642832,1,True,False
1727.0,284.0,0.2016387,39849.3068358337,1441.213870340436,0.01887398370850879,0.01887398370850879,1,True,False
1797.0,398.0,0.09081474,29009.50022315055,726.197040041668,4.909960734274189,4.909960734274189,1,True,False
448.0,440.0,0.08671734,27549.884883502655,527.5417887790736,0.3245748387191881,0.3245748387191881,1,True,False
2142.0,637.0,0.06449452,25160.643461248852,245.0478955502091,1.1331923090783045,1.1331923090783045,1,True,False
2207.0,20.0,0.3537365,21319.35907880085,968.7324302545936,0.7267854672574293,0.7267854672574293,1,True,False
281.0,562.0,0.1325774,13109.735775705994,386.00910958222875,0.10376367792069789,0.10376367792069789,1,True,False
651.0,165.0,0.2406433,35034.78525133121,81.27620549891782,0.6526287449182342,0.6526287449182342,1,True,False
1294.0,389.0,0.1537021,23076.91637955674,755.3732187789675,0.25617682368138184,0.25617682368138184,1,True,False
1360.0,206.0,0.06730089,22702.866233291148,785.5775658164156,0.29816551836326266,0.29816551836326266,1,True,False
1726.0,634.0,0.04249031,36617.98828809087,660.2648872061573,4.123035850426185,4.123035850426185,1,True,False
786.0,151.0,0.1433177,30024.725994870256,296.0013284121097,1.6464458810811722,1.6464458810811722,1,True,False
786.0,201.0,0.09874844,21719.39594067067,587.1546801314446,3.2824181889057145,3.2824181889057145,1,True,False
855.0,22.0,0.246985,25369.21094724287,17.020489574203513,1.6527007694200169,1.6527007694200169,1,True,False
1288.0,239.0,0.1718354,27929.35664244653,1390.0503346851265,1.8903383598475267,1.8903383598475267,1,True,False
1357.0,543.0,0.09381798,24419.625257129534,1458.4810936976764,2.211993697274009,2.211993697274009,1,True,False
1428.0,351.0,0.1048326,30097.042094016157,520.910398228212,0.9066540057453928,0.9066540057453928,1,True,False
1731.0,111.0,0.03787673,41028.31107021117,864.3362484857314,1.3234846587564808,1.3234846587564808,1,True,False
1867.0,491.0,0.1352773,29898.26030566051,1005.8668320382178,0.7683499018659466,0.7683499018659466,1,True,False
1867.0,549.0,0.1269724,24559.71423222627,1964.8145837374555,0.012936135337609225,0.012936135337609225,1,True,False
1867.0,597.0,0.08156185,20972.44569696673,1255.6622141705996,2.949258246284636,2.949258246284636,1,True,False
2140.0,446.0,0.07328255,15001.76236949177,309.8471974522461,0.002180520202192837,0.002180520202192837,1,True,False
569.0,427.0,0.05922451,41507.072581127046,592.4672550706381,1.34129434403763,1.34129434403763,1,True,False
569.0,493.0,0.09086967,23784.15798650728,516.3722068088159,2.8546598924498934,2.8546598924498934,1,True,False
843.0,401.0,0.06779005,46590.81423172447,1013.0905947257191,4.636371090347045,4.636371090347045,1,True,False
1876.0,491.0,0.1158221,33138.65154279213,793.3144729617168,1.406339286369966,1.406339286369966,1,True,False
2012.0,387.0,0.1602024,24472.80405356349,758.0980368681588,0.23503394870461397,0.23503394870461397,1,True,False
2213.0,452.0,0.2129806,19941.83804130316,2160.0627155919015,1.437717235871234,1.437717235871234,1,True,False
2216.0,130.0,0.1212885,35811.04401328782,286.8096593473801,0.03703372370089538,0.03703372370089538,1,True,False
279.0,396.0,0.07265639,28381.79076700753,1351.990158861622,3.0059878496182253,3.0059878496182253,1,True,False
588.0,419.0,0.0941471,26705.780286171404,811.7837787066442,2.576981270154582,2.576981270154582,1,True,False
1432.0,489.0,0.09209527,34083.49646123378,787.7733621983508,1.7578535270828417,1.7578535270828417,1,True,False
1801.0,154.0,0.2813944,19011.60913144931,171.13355697743054,4.773200780191484,4.773200780191484,1,True,False
1801.0,278.0,0.2807291,19930.14865543752,2345.6958567542815,0.10784636002015888,0.10784636002015888,1,True,False
2011.0,372.0,0.1646593,23557.947055521225,746.713364191878,0.002093130534153184,0.002093130534153184,1,True,False
2146.0,141.0,0.0608739,24218.748959557823,830.661471000546,0.06451917761167918,0.06451917761167918,1,True,False
2223.0,129.0,0.1375727,39608.614541123505,992.7202713613772,4.66873188462797,4.66873188462797,1,True,False
2224.0,116.0,0.3183445,21184.500138322346,1203.5520684093317,2.5301300608822057,2.5301300608822057,1,True,False
2225.0,161.0,0.1331795,23660.703826131055,438.934982544,0.9615424488364425,0.9615424488364425,1,True,False
308.0,8.0,0.1194533,11439.697003464931,210.18650091911647,0.002292676691427865,0.002292676691427865,1,True,False
385.0,547.0,0.09714038,35046.33941811751,356.524190040616,1.6612617426008902,1.6612617426008902,1,True,False
635.0,38.0,0.1685365,34746.384337202326,324.4914971665634,0.8458691505230382,0.8458691505230382,1,True,False
1670.0,73.0,0.1158477,34919.705977514655,467.29959139884807,0.5161909518934168,0.5161909518934168,1,True,False
2228.0,63.0,0.142344,38184.9637660254,760.3776839789904,0.5119278070971385,0.5119278070971385,1,True,False
2231.0,427.0,0.1778826,17315.395857048425,285.7512813029392,1.768186356286135,1.768186356286135,1,True,False
2233.0,78.0,0.123255,44910.82749964134,507.7903672357837,1.772889504554227,1.772889504554227,1,True,False
2878.0,212.0,0.3128468,21195.425675963557,1849.7056242890778,1.550769524240196,1.550769524240196,1,True,False
2880.0,318.0,0.09471212,21282.10241152019,676.6678587177084,0.02295328062891213,0.02295328062891213,1,True,False
287.0,313.0,0.1104246,13960.640009240018,1040.144800167159,0.019524397529395787,0.019524397529395787,1,True,False
877.0,180.0,0.1251861,28400.324156852916,468.2566652322191,0.13908023310135542,0.13908023310135542,1,True,False
943.0,421.0,0.2132601,30813.841619944633,738.518552139584,0.011122398158772718,0.011122398158772718,1,True,False
1443.0,57.0,0.1673709,21688.653093540794,995.5437825043573,2.411430268063875,2.411430268063875,1,True,False
1608.0,468.0,0.1821143,19669.81648849907,679.6427921354375,0.0914207505169675,0.0914207505169675,1,True,False
1608.0,501.0,0.1206115,19850.36349093052,492.59197502492384,3.2101377279620706,3.2101377279620706,1,True,False
1878.0,459.0,0.07065918,14191.959498792628,1197.626322432122,0.3127947863617628,0.3127947863617628,1,True,False
2148.0,90.0,0.04396776,16449.338707484,1114.043919725636,3.9328084016512754,3.9328084016512754,1,True,False
594.0,254.0,0.06250638,21519.335027387024,678.8886018341503,1.8530387239344757,1.8530387239344757,1,True,False
1000.0,490.0,0.1883733,40100.961655527746,110.27153145229758,0.7179988058437489,0.7179988058437489,1,True,False
1375.0,87.0,0.1966696,32952.11503771323,1737.6649686890526,0.23163226643753645,0.23163226643753645,1,True,False
1375.0,177.0,0.08737577,16492.5954804114,298.47632359288247,0.49849277267986947,0.49849277267986947,1,True,False
1375.0,424.0,0.06003489,15867.268108127657,607.1024732862262,1.2663654155450785,1.2663654155450785,1,True,False
1813.0,285.0,0.1868422,35537.04035910558,516.051556362077,0.08746509092008721,0.08746509092008721,1,True,False
2149.0,69.0,0.06374981,22031.059707494867,769.3460617702381,2.66239596218496,2.66239596218496,1,True,False
2265.0,46.0,0.05014399,36192.631944551664,375.8180647377601,0.032884723262296904,0.032884723262296904,1,True,False
443.0,514.0,0.04320633,18418.596550402344,472.0931318437814,0.6935670821095358,0.6935670821095358,1,True,False
581.0,376.0,0.2150977,26658.6602296608,167.05840215437846,1.5839415047497083,1.5839415047497083,1,True,False
852.0,625.0,0.1739949,26246.499244859224,169.7752805560854,0.39655599363770433,0.39655599363770433,1,True,False
925.0,489.0,0.08356585,33280.98209035806,163.10059439735178,4.681612229743523,4.681612229743523,1,True,False
1047.0,479.0,0.1067889,19299.65690765642,1245.27680148678,0.1691310106966885,0.1691310106966885,1,True,False
1048.0,199.0,0.07593863,20993.678157514725,2073.7318469232255,3.239430872022346,3.239430872022346,1,True,False
1293.0,486.0,0.2764736,29495.401003322073,724.1011552484556,0.003206670955507919,0.003206670955507919,1,True,False
1601.0,427.0,0.05479615,19052.111779080435,998.9950110354238,1.9181557022515867,1.9181557022515867,1,True,False
1740.0,506.0,0.1334316,26530.073051623207,91.83717711812162,2.2403383415305598,2.2403383415305598,1,True,False
1940.0,573.0,0.2444532,18214.115580189875,103.46031732312399,1.4300661828531998,1.4300661828531998,1,True,False
2013.0,635.0,0.1366288,17313.600831085092,139.57237230132975,2.5536597824427445,2.5536597824427445,1,True,False
2243.0,479.0,0.1328229,34496.88009887644,2008.504576584086,0.26707512347596546,0.26707512347596546,1,True,False
2246.0,244.0,0.0763427,15202.45140051188,542.0040793790919,0.7187146970878567,0.7187146970878567,1,True,False
555.0,140.0,0.2665811,16096.3700439024,637.5808036633914,0.10148196666021113,0.10148196666021113,1,True,False
761.0,396.0,0.05601526,31109.524458291537,1528.8330959480445,1.7579355153273541,1.7579355153273541,1,True,False
761.0,434.0,0.1514835,19128.10640749885,31.601706824964772,1.4678622737567977,1.4678622737567977,1,True,False
1192.0,208.0,0.2609949,20423.35402126536,2752.3805722926963,1.092213784087759,1.092213784087759,1,True,False
1416.0,433.0,0.06725692,38347.008138441844,763.386350215315,3.583273554558952,3.583273554558952,1,True,False
1594.0,629.0,0.2077724,16104.935965674835,587.7794819993404,0.001417445906391857,0.001417445906391857,1,True,False
1734.0,275.0,0.07404222,17621.998178991766,1059.4400702826983,2.915001228256379,2.915001228256379,1,True,False
1734.0,279.0,0.1226752,41146.90638301114,473.6041335730772,2.737069757890526,2.737069757890526,1,True,False
1799.0,127.0,0.1831636,21343.689988775608,1323.577182164632,4.654038683047231,4.654038683047231,1,True,False
1871.0,497.0,0.1221299,33857.461494515956,406.81918506679716,1.1013928439761271,1.1013928439761271,1,True,False
1937.0,208.0,0.07563709,21107.264275458936,2070.618504342694,2.661154479524063,2.661154479524063,1,True,False
2087.0,149.0,0.3222386,18838.43296121612,1075.5087943981684,1.196303479669949,1.196303479669949,1,True,False
2271.0,520.0,0.09619219,21466.73454662075,1227.2871845988668,1.4108285626483708,1.4108285626483708,1,True,False
2276.0,101.0,0.2293614,24380.08699183993,1809.2632937433818,2.762630307900309,2.762630307900309,1,True,False
2276.0,131.0,0.1515832,20045.138542411816,839.531364298183,1.9511728772243808,1.9511728772243808,1,True,False
2277.0,123.0,0.1167066,22845.42688596573,1313.5372757951484,1.522045052159722,1.522045052159722,1,True,False
512.0,366.0,0.1891936,45314.11486202031,5845.582396954944,4.523739015424286,4.523739015424286,1,True,False
991.0,552.0,0.3379682,27876.516389883804,792.86356772255,0.23860942027442225,0.23860942027442225,1,True,False
1055.0,538.0,0.2369145,31138.102743707874,757.8077539049136,2.8427267856405996,2.8427267856405996,1,True,False
1214.0,268.0,0.1354098,19253.07678649326,1608.7918352225056,2.6740092354143945,2.6740092354143945,1,True,False
1606.0,594.0,0.1436504,29619.897804450105,830.9052135723194,0.00021927829553893642,0.00021927829553893642,1,True,False
1607.0,88.0,0.1797263,17921.780241251217,397.7041680773508,0.09946485378171968,0.09946485378171968,1,True,False
2143.0,453.0,0.07028067,29251.47579080038,722.5010227723088,1.915613647551832,1.915613647551832,1,True,False
2882.0,548.0,0.1291037,28354.639118129784,226.75312317197353,0.068517480508585,0.068517480508585,1,True,False
2883.0,155.0,0.126545,16642.138631459802,788.570279294349,4.508506834261235,4.508506834261235,1,True,False
275.0,234.0,0.09140366,20279.332567496407,1585.5053169348228,2.9161586531691586,2.9161586531691586,1,True,False
275.0,374.0,0.07189119,29785.08537295137,347.86927357305234,1.7822508439853897,1.7822508439853897,1,True,False
335.0,35.0,0.2816844,15309.775400496432,1728.851302565409,2.040136924098814,2.040136924098814,1,True,False
523.0,329.0,0.1324733,25968.387214479735,93.20553339491364,0.7045133346904133,0.7045133346904133,1,True,False
655.0,58.0,0.04199469,25547.531784006085,568.2389311390002,0.06583981843606114,0.06583981843606114,1,True,False
725.0,632.0,0.1929088,18753.44017718296,946.6929854939416,1.5688825767790195,1.5688825767790195,1,True,False
860.0,384.0,0.07376322,14104.878774712932,1063.4996327055337,3.3001464243210874,3.3001464243210874,1,True,False
1303.0,378.0,0.2319457,30609.772847514938,613.6210267013973,0.01741367617342903,0.01741367617342903,1,True,False
1611.0,565.0,0.262456,14855.051070643707,2835.7802059153273,0.9265966985816465,0.9265966985816465,1,True,False
1944.0,472.0,0.1282613,20100.567649785073,435.04482539998423,1.8950611337308068,1.8950611337308068,1,True,False
2017.0,168.0,0.2114582,18364.767686554947,918.4941816235537,1.3260704830378651,1.3260704830378651,1,True,False
2017.0,605.0,0.07666916,29795.53105501467,461.5170782802038,2.4745009786869594,2.4745009786869594,1,True,False
2277.0,579.0,0.1806728,31541.692471954975,548.6512888517834,0.6453583191910937,0.6453583191910937,1,True,False
2285.0,330.0,0.1150349,26635.734355045966,796.6783163644385,4.209234937893879,4.209234937893879,1,True,False
388.0,148.0,0.07333235,12344.454581656835,615.4664028288332,1.9649103110258905,1.9649103110258905,1,True,False
1050.0,396.0,0.09458973,17694.18302605679,792.9814028260832,0.5447672325389025,0.5447672325389025,1,True,False
1608.0,134.0,0.1205845,24593.856027481463,293.4094756637517,2.651542856828429,2.651542856828429,1,True,False
1673.0,268.0,0.1312675,22131.324032808458,416.89737514743933,0.12467842460098966,0.12467842460098966,1,True,False
1739.0,387.0,0.1624374,18110.838520883757,710.1932506144921,0.6277514104393233,0.6277514104393233,1,True,False
2158.0,286.0,0.06911041,28654.096375229215,271.9852611995881,2.064628647160595,2.064628647160595,1,True,False
2973.0,602.0,0.1713316,31925.685300136203,719.2595341495462,2.092006508413388,2.092006508413388,1,True,False
2974.0,627.0,0.2105658,30639.839560089495,375.29351296402376,1.1014052157041727,1.1014052157041727,1,True,False
366.0,598.0,0.15975,27714.644572337318,315.98396684032485,0.21891599332197054,0.21891599332197054,1,True,False
416.0,517.0,0.1518152,27858.13914212718,1243.0077181149254,1.5177820959521608,1.5177820959521608,1,True,False
1387.0,170.0,0.1116228,22090.210734874247,780.4173493490603,1.5877996335055404,1.5877996335055404,1,True,False
1688.0,299.0,0.1969705,14353.633526879046,329.65886370552744,3.0532380453706183,3.0532380453706183,1,True,False
1752.0,312.0,0.2144854,28356.91444095964,239.66879863613727,0.08352365584110552,0.08352365584110552,1,True,False
1752.0,401.0,0.2130904,30833.98133207471,831.4427739051162,0.05975898886690042,0.05975898886690042,1,True,False
1954.0,120.0,0.144045,24536.910111968456,1514.1620060536832,3.6652242344434125,3.6652242344434125,1,True,False
2093.0,123.0,0.176481,23017.80270601389,747.0330223652776,1.3540256903398238,1.3540256903398238,1,True,False
2289.0,537.0,0.1884952,19702.20411068217,894.7851184804653,0.00023962040908336076,0.00023962040908336076,1,True,False
411.0,513.0,0.04444674,44266.127846362426,1021.7803698462964,1.789387171847727,1.789387171847727,1,True,False
541.0,225.0,0.3342878,16786.066735514738,149.7688842037838,0.34440397335270057,0.34440397335270057,1,True,False
880.0,119.0,0.2913734,28418.91189664994,4541.976861630572,0.12067416777725377,0.12067416777725377,1,True,False
880.0,337.0,0.02645922,13438.3153130428,3261.7881254837075,2.790745441270914,2.790745441270914,1,True,False
1230.0,106.0,0.1927603,21013.383188046988,677.7408639302993,0.09393089581453037,0.09393089581453037,1,True,False
1450.0,130.0,0.2421032,25347.984528315625,1099.1122702220366,2.267125304378253,2.267125304378253,1,True,False
1450.0,273.0,0.1512401,31734.596447020933,889.1991271405534,3.3388897179819295,3.3388897179819295,1,True,False
1617.0,56.0,0.3158003,17929.61420888343,775.4594593517833,2.2912592341143725,2.2912592341143725,1,True,False
1617.0,309.0,0.1492366,19001.880729136392,327.3738668979785,0.734444326767199,0.734444326767199,1,True,False
1754.0,133.0,0.09136485,22320.276769897817,804.2879185729181,0.3058246748086083,0.3058246748086083,1,True,False
1819.0,36.0,0.04203439,24933.666682871677,830.9199328677399,1.424121323894561,1.424121323894561,1,True,False
1956.0,30.0,0.08878648,22670.102937814274,1342.8420017940502,0.27110518130087496,0.27110518130087496,1,True,False
2027.0,53.0,0.1282616,12728.359695481482,1004.7650444643953,2.9148542297516027,2.9148542297516027,1,True,False
2096.0,228.0,0.1279814,26867.835127723243,548.9247477292159,0.020705556759530494,0.020705556759530494,1,True,False
2948.0,605.0,0.08740342,33326.82997441994,820.9095533133881,3.3984768898901327,3.3984768898901327,1,True,False
2950.0,23.0,0.04573886,23178.049045251682,648.1039517485187,0.41716888163184124,0.41716888163184124,1,True,False
2952.0,406.0,0.1244964,36446.74453410314,255.48359992760805,0.1939330228040086,0.1939330228040086,1,True,False
300.0,272.0,0.2447907,33507.36522042832,317.18643680925476,2.1719865649336194,2.1719865649336194,1,True,False
814.0,208.0,0.162513,29081.08673899469,237.00224775278176,0.5942656826292744,0.5942656826292744,1,True,False
952.0,591.0,0.1745693,19684.029114650417,377.762784846447,0.07674820002905111,0.07674820002905111,1,True,False
1162.0,494.0,0.104972,44515.93117306272,530.4375442611625,0.02090589192159234,0.02090589192159234,1,True,False
1455.0,139.0,0.1520209,20111.2189063336,519.2645322991411,1.5088410944278492,1.5088410944278492,1,True,False
1620.0,392.0,0.1299742,38432.73457435961,653.3583852170691,3.3377954725488124,3.3377954725488124,1,True,False
1687.0,32.0,0.2539949,38365.76505747269,2004.7512645052893,2.254134702090934,2.254134702090934,1,True,False
2029.0,140.0,0.188547,24821.87064319374,888.6311835211736,0.0003534051087257733,0.0003534051087257733,1,True,False
2094.0,620.0,0.07737845,18390.495003023552,686.5907382573419,0.17828188878305345,0.17828188878305345,1,True,False
