Name,"RA (J2000, deg)","Dec (J2000, deg)",objType,Ref,z,zType,zRef,Targeted,N_Observaciones
BRI 0241-0146,41.0076888,-1.5677378,QSO type1-BL-X,Millquas,4.01,S,2002ApJ 5..50....1C,False,3
GN20,189.2995354,62.3700278,Active galactic nuclei,eJWST,4.0553,UUN,2014A&A...569A..98T,True,5
GN20-MRS,189.2995354,62.3700278,Active galactic nuclei,eJWST,4.0553,UUN,2014A&A...569A..98T,True,1
TXS 1335-194,204.6088889,-19.7086112,QSO-NL-R-X,Millquas,4.1057,SUN,2023MNRAS.525.5831K,False,8
SDSS J094932.26+033531.7,147.3844458,3.5921605,QSO type1-BL-X,Millquas,4.107367,SLS,2016SDSSD.C...0000:,False,3
HSC2 J033234.35-274856.0,53.143164,-27.815571,QSO type1-BL,Millquas,4.1449,SLS,2010A&A...512A..12B,False,1521
SDSS J111008.61+024458.0,167.5358936,2.7494799,QSO type1-BL,Millquas,4.148,S,2020ApJS..250....8L,False,3
PSS J0133+0400,23.4180303,4.016624,QSO type1-BL-X,Millquas,4.170637,SLS,2016SDSSD.C...0000:,False,3
PSS J0209+0517,32.435924,5.2871457,QSO type1-BL-X,Millquas,4.183786,SLS,2016SDSSD.C...0000:,False,3
BR J2349-3712,357.3074287,-37.2164734,QSO type1-BL-R,Millquas,4.208,SUN,2001AJ....121.1799P,False,3
SDSS J111511.65+144512.0,168.7985534,14.7533593,QSO type1-BL,Millquas,4.259,S,2020ApJS..250....8L,False,2
ALMA-J081740.86+135138.2,124.4202625,13.8606194,Disk galaxies; High-redshift galaxies; Quasar-galaxy pairs,eJWST,4.26033,SUN,2020Natur.581..269N,True,1
Gaia 5001348270682792320,13.7702828,-37.6954917,X,Millquas,4.36,S,2023A&A..674A...41G,False,19
BR J0334-1612,53.5559667,-16.201475,QSO type1-BL-X,Millquas,4.363,SUN,2001AJ....121.1799P,False,3
SDSS J081740.52+135134.5,124.418869,13.859596,QSO type1-BL,Millquas,4.37,S,2020ApJS..250....8L,False,5
CDFS J033238.92-274243.69,53.162186,-27.712135,AGN,CDFS,4.3792,UUN,2013A&A...549A..63K,False,4
BRI 1335-0417,204.5142272,-4.5430492,QSO type1-BL,Millquas,4.396,S,2003A&A 3.891....1H,False,5
BRI 0103+0032,16.5801702,0.8064953,QSO type1-BL-X,Millquas,4.440187,SLS,2016SDSSD.C...0000:,False,3
COSM J100156.5+015218,150.4856303,1.8719271,QSO type1-BL,Millquas,4.45,S,2012ApJ 7.169....1S,False,1
DESI 39633446326240437,268.666877,65.2436464,QSO type1-BL,Millquas,4.56314,SLS,2023arXiv230606308D,False,33
WISE J224607.56-052634.9,341.5314787,-5.4431006,QSO type1-BL,Millquas,4.593,SUN,2015ApJ...805...90T,True,17
W2246-0526,341.5314583,-5.4430083,Infrared galaxies; Quasars; Starburst galaxies,eJWST,4.593,SUN,2015ApJ...805...90T,True,3
CDFS J033307.24-274755.44,53.280184,-27.798732,AGN,CDFS,4.635,SUN,2017ApJS..228....2L,True,16
SDSS J151155.98+040802.9,227.9832372,4.1341794,QSO type1-BL,Millquas,4.65,S,2020ApJS..250....8L,False,5
SDSS J134134.20+014157.6,205.3924955,1.6993466,QSO type1-BL,Millquas,4.65,S,2020ApJS..250....8L,False,5
SDSS J092303.52+024739.6,140.7646983,2.7943547,QSO type1-BL,Millquas,4.65,S,2020ApJS..250....8L,False,5
GS-9209,53.1081667,-27.8251222,Compact galaxies; Giant galaxies; High-redshift galaxies,eJWST,4.6583,SUN,2023A&A...678L...9D,True,2
COSM J100024.2+022509,150.1010259,2.4193948,QSO type1-BL-X,Millquas,4.66,SUN,2024A&A...685A..97P,False,7
BR 1202-0725,181.3463994,-7.7091006,QSO type1-BL-X,Millquas,4.6942,S1L,2023A&A...679A..41G,True,7
COSM J100106.4+015306,150.27693,1.885094,QSO type1-BL,Millquas,4.72,S,2012ApJ 7.169....1S,False,4
SDSS J033119.66-074143.1,52.8319307,-7.6953233,QSO type1-BL,Millquas,4.724262,SLS,2016SDSSD.C...0000:,False,5
CDFS J033229.31-275619.42,53.122139,-27.938728,AGN,CDFS,4.7555,SUN,2018ApJ...859...12G,False,2
GDS J03324-2756,53.1220833,-27.9388889,Seyfert 1,Veroncat,4.7555,SUN,2018ApJ...859...12G,False,2
GDS J033229.29-275619.5,53.122095,-27.938815,QSO type1-BL,Millquas,4.7555,SUN,2018ApJ...859...12G,True,7
SDSS J073231.28+325618.3,113.1303635,32.9384274,QSO type1-BL,Millquas,4.76,SUN,2016ApJ...829...33Y,True,1
SDSS J110041.96+580000.9,165.1747857,58.0002933,QSO type1-BL-R,Millquas,4.776865,SLS,2016SDSSD.C...0000:,True,1
SDSS J075907.57+180054.7,119.7815848,18.0152117,QSO type1-BL,Millquas,4.778,S,2020ApJS..250....8L,True,1
SDSS J085931.29+252019.5,134.8803958,25.3387633,QSO type1-BL,Millquas,4.787401,SLS,2016SDSSD.C...0000:,True,1
SDSS J162045.64+520246.6,245.1901463,52.0462876,QSO type1-BL,Millquas,4.79,SUN,2016ApJ...829...33Y,True,1
SDSS J113415.21+392826.0,173.5633804,39.4738967,QSO type1-BL,Millquas,4.795,S,2020ApJS..250....8L,True,1
SDSS J110247.28+663519.2,165.6970044,66.58869,QSO type1-BL,Millquas,4.80606,SLS,2016SDSSD.C...0000:,True,1
SDSS J132825.16+444500.2,202.1048718,44.7500663,QSO type1-BL,Millquas,4.81,S,2020ApJS..250....8L,True,1
SDSS J083122.57+404623.3,127.8440651,40.7731794,QSO type1-BL,Millquas,4.82,S,2020ApJS..250....8L,True,1
SDSS J153422.74+571140.5,233.594782,57.1945838,QSO type1-BL,Millquas,4.82,S,2020ApJS..250....8L,True,1
SDSS J124510.13+434837.9,191.292221,43.8105346,QSO type1-BL,Millquas,4.82,S,2020ApJS..250....8L,True,1
SDSS J145805.99+332723.0,224.5249896,33.4564077,QSO type1-BL,Millquas,4.83,S,2020ApJS..250....8L,True,1
SDSS J105005.11+462735.5,162.5213133,46.4598651,QSO type1-BL,Millquas,4.844,S,2020ApJS..250....8L,True,1
SDSS J134243.46+583850.0,205.6811204,58.6472409,QSO type1-BL,Millquas,4.859754,SLS,2016SDSSD.C...0000:,True,1
SDSS J094108.35+594725.7,145.2848403,59.7904835,QSO type1-BL,Millquas,4.861,S,2020ApJS..250....8L,True,1
SDSS J080715.11+132805.1,121.8129869,13.4681032,QSO type1-BL,Millquas,4.87,S,2020ApJS..250....8L,True,1
SDSS J073103.12+445949.4,112.7630545,44.9970638,QSO type1-BL,Millquas,4.98,S,2020ApJS..250....8L,True,4
J1148-18404,177.0579583,52.8628028,Active galactic nuclei,eJWST,5.011,S1L,2024ApJ...963..129M,True,2
J0148-4214,27.1387083,5.9972333,Active galactic nuclei,eJWST,5.019,S1L,2024ApJ...963..129M,True,2
SDSS J002526.84-014532.5,6.3618137,-1.7590342,QSO type1-BL,Millquas,5.06,S,2020ApJS..250....8L,False,2
GN-15498,189.2855417,62.2807833,Active galactic nuclei; Emission line galaxies; Quasars,eJWST,5.086,SLS,2024Natur.635..311X,True,2
B01.174,189.1998334,62.1614723,QSO type1-BL-X,Millquas,5.19,PSE,2018MNRAS.478.3740A,False,58
GOODS-N-4014,189.300125,62.2120444,Active galactic nuclei,eJWST,5.228,S1L,2024ApJ...963..129M,True,2
GN-12839,189.3442788,62.2633639,Active galactic nuclei; Emission line galaxies; Quasars,eJWST,5.241,S1L,2024ApJ...963..129M,True,2
CEERS_02782,214.8234583,52.8302778,Active galactic nuclei,eJWST,5.25,SUN,2024ApJ...963....9M,True,2
AZTEC-3,150.0862533,2.588975,High-redshift galaxies; Starburst galaxies; Ultraluminous infrared galaxies,eJWST,5.29795,UUN,2016ApJ...832..151P,True,6
COSM J100051.6+023457,150.21497,2.582674,QSO type1-BL-X,Millquas,5.31,SUN,2024A&A...685A..97P,False,15
SDSS J134040.24+281328.1,205.167677,28.224488,QSO type1-BL,Millquas,5.339,S,2020ApJS..250....8L,True,4
GN-16813,189.1792917,62.2925333,Active galactic nuclei; Emission line galaxies; Quasars,eJWST,5.356,SUN,2015ApJ...815...57U,True,2
CFHT J141446.82+544631.8,213.6950834,54.7755,QSO type1-BL,Millquas,5.426,S1L,2018MNRAS.479.1180M,False,9
GS-13971,53.1385833,-27.79025,Active galactic nuclei; Emission line galaxies; Quasars,eJWST,5.484836,SUN,2017A&A...608A...2I,True,2
GDS3073,53.0788334,-27.8840834,QSO type1-BL,Millquas,5.554,UUN,2006A&A...454..423V,False,3396
S1,53.1204583,-27.7420917,High-redshift galaxies; Starburst galaxies; Ultraluminous infrared galaxies,eJWST,5.579,SLS,2023MNRAS.525.2864O,True,1
JADES_1093,189.17975,62.2246306,Active galactic nuclei,eJWST,5.6,SUN,2024A&A...685A..25A,True,2
HSCJ0915-0051,138.937625,-0.86,Active galactic nuclei ; High-redshift galaxies ; Lyman-alpha galaxies ; Quasars,eJWST,5.65,SUN,2018ApJS..237....5M,True,5
CEERS_00672,214.8896667,52.8329722,Active galactic nuclei,eJWST,5.667,SLS,2024ApJ...962..195B,True,2
PSO J038.1914-18.5735,38.19137,-18.573532,QSO type1-BL,Millquas,5.68,SUN,2023ApJ...943...67S,True,1
WISEA J152330.66+293539.1,230.8777385,29.5943536,QSO type1-BL-R,Millquas,5.7,P,,True,1
RD J1148+5253,177.0675,52.8942,QSO type1-BL,Millquas,5.701,SUN,2018MNRAS.479...43K,False,26
PS1 J112143.65-071839.6,170.4318388,-7.3110378,QSO type1-BL,Millquas,5.71,SUN,2019ApJ...871..199Y,True,4
SDSS J162100.92+515548.8,245.2538334,51.9302223,QSO type1-BL,Millquas,5.71,S,2016ApJ...833..222J,True,2
HSCJ0206-0206,31.70825,-2.1050556,Active galactic nuclei ; High-redshift galaxies ; Lyman-alpha galaxies ; Quasars,eJWST,5.72,S1L,2019ApJ...883..183M,True,5
ILTJ1350+3748,207.5983334,37.8099223,QSO type1-BL-R,Millquas,5.72,S1L,2022A&A...668A..27G,True,4
PSO J009.3573-08.1190,9.3573083,-8.1190319,QSO type1-BL,Millquas,5.72,UUN,2016ApJS..227...11B,True,1
PSO J209.2058-26.7083,209.2058335,-26.7083887,QSO type1-BL,Millquas,5.72,SUN,2023ApJ...943...67S,True,4
TGSSJ1530+1049,232.7079167,10.8253056,Active galactic nuclei; Quasars,eJWST,5.72,S1L,2018MNRAS.480.2733S,True,4
J1530+1049,232.7079167,10.8253056,High-redshift galaxies; Quasars,eJWST,5.72,S1L,2018MNRAS.480.2733S,True,1
CEERS_00746,214.809125,52.8684722,Active galactic nuclei,eJWST,5.72,PUN,2023ApJ...946L..16P,True,16
PSO J320.8703-24.3604,320.8703143,-24.3603606,QSO type1-BL,Millquas,5.73,SUN,2023ApJ...943...67S,True,1
PSO J271.4455+49.3067,271.4455417,49.3067306,QSO type1-BL,Millquas,5.73,SUN,2023ApJS..269...27Y,True,1
PSO J215.1512-16.0417,215.1513794,-16.041755,QSO type1-BL,Millquas,5.73,S,2012AJ 14.142....1D,True,4
PSO J119.0932+02.3056,119.09325,2.3056,QSO type1-BL,Millquas,5.73,SUN,2023ApJS..265...29B,True,2
PSO J169.1406+58.8894,169.1406667,58.8894973,QSO type1-BL,Millquas,5.73,SUN,2023ApJ...943...67S,True,5
J0001+2650,0.3401133,26.8358806,High-redshift galaxies ; Quasars,eJWST,5.733,SLS,2019ApJ...873...35S,True,35
HSCJ0215-0555,33.9383333,-5.92475,Active galactic nuclei ; High-redshift galaxies ; Lyman-alpha galaxies ; Quasars,eJWST,5.74,SUN,2018PASJ...70S..35M,True,5
PSO J201.9222+57.5440,201.9221834,57.544001,QSO type1-BL,Millquas,5.74,SUN,2023ApJ...943...67S,True,5
SDSSp J104433.04-012502.2,161.1376666,-1.4172467,QSO type1-BL-X,Millquas,5.745,S,2001ApJ 5..23....1C,True,4
PSO J000.3401+26.8358,0.3401251,26.8358806,QSO type1-BL,Millquas,5.75,S,,True,8
PSO J228.7029+01.3811,228.7029167,1.3811806,QSO type1-BL,Millquas,5.76,SUN,2023ApJS..265...29B,True,1
WISEA J163752.18+024158.1,249.467406,2.6995546,QSO type1-BL,Millquas,5.76,SUN,2023ApJ...943...67S,True,4
PSO J172.1770+26.8866,172.1770104,26.8866635,QSO type1-BL,Millquas,5.77,SUN,2023ApJ...943...67S,True,4
PSO J173.3198-06.9458,173.3199167,-6.9457917,QSO type1-BL,Millquas,5.77,SUN,2023ApJS..265...29B,True,4
PSO J187.1047-02.5609,187.1047535,-2.5609149,QSO type1-BL,Millquas,5.77,SUN,2023ApJ...943...67S,True,4
PSO J209.3825-08.7171,209.3825834,-8.71715,QSO type1-BL,Millquas,5.77,SUN,2023ApJ...943...67S,True,4
SDSS J232514.24+262847.6,351.3093436,26.4798961,QSO type1-BL,Millquas,5.77,SUN,2016ApJ...833..222J,True,4
SDSS J012958.51-003539.7,22.493791,-0.594389,QSO type1-BL,Millquas,5.7787,SUN,2017MNRAS.471.2143L,True,6
PSO J213.7329-13.4803,213.7329049,-13.4803624,QSO type1-BL,Millquas,5.78,UUN,2016ApJS..227...11B,True,4
DELS J111921.65+011308.6,169.8402136,1.2190746,QSO type1-BL,Millquas,5.78,S1L,2019ApJ...884...30W,True,4
VIK J0224-3435,36.23655,-34.589738,QSO type1-BL,Millquas,5.78,SUN,2023ApJS..265...29B,True,1
SDSS J161435.36+011444.7,243.6473334,1.2457751,QSO type1-BL,Millquas,5.78,SUN,2023ApJ...943...67S,True,1
SDSS J154552.08+602824.0,236.467,60.4733334,QSO type1-BL-R,Millquas,5.78,SUN,2023A&A...678A.128G,True,4
PSO J021.4213-25.8822,21.421309,-25.8823024,QSO type1-BL,Millquas,5.79,SUN,2023ApJ...943...67S,True,1
PSO J065.9589+01.7235,65.9589584,1.7235362,QSO type1-BL,Millquas,5.79,S,,True,4
SDSS J09273+2001,141.8409202,20.0232241,QSO type1-BL,Millquas,5.79,S,2006AJ 131203....1R,True,5
PSO J308.4829-27.6485,308.4829903,-27.6485345,QSO type1-BL,Millquas,5.799,S1L,2022MNRAS.513.1801L,True,1
SDSS J00026+2550,0.6641672,25.8430074,QSO type1-BL-R-X,Millquas,5.8,P,2004AJ 12.515....1R,True,1
PSO J004.3936+17.0862,4.3936113,17.0863042,QSO type1-BL,Millquas,5.8,P,,True,1
PSO J193.3992-02.7820,193.39925,-2.782025,QSO type1-BL-R,Millquas,5.8,SUN,2023ApJ...943...67S,True,4
PSO J017.0691-11.9919,17.0691667,-11.9919445,QSO type1-BL,Millquas,5.8,SUN,2023ApJ...943...67S,True,1
SDSS J083643.86+005453.1,129.18275,0.9147872,QSO type1-BL-R-X,Millquas,5.804,SLS,2022ApJ...926..114O,True,4
PSO J238.8510-06.8976,238.8510101,-6.8976707,QSO type1-BL,Millquas,5.81,SUN,2023ApJ...943...67S,True,4
SDSS J214755.41+010755.3,326.980902,1.132041,QSO type1-BL,Millquas,5.81,UUN,2009AJ....138..305J,True,4
PSO J174.7920-12.2845,174.7920461,-12.2845445,QSO type1-BL,Millquas,5.81,SUN,2023ApJ...943...67S,True,4
PSO J357.8289+06.4019,357.829,6.4019223,QSO type1-BL,Millquas,5.81,SUN,2023ApJ...943...67S,True,4
SDSS J114338.34+380828.7,175.90975,38.1413056,QSO type1-BL,Millquas,5.81,S,2016ApJ...833..222J,True,4
PSO J207.7780-21.1889,207.778,-21.1889639,QSO type1-BL,Millquas,5.81,SUN,2023ApJS..265...29B,True,4
PSO J235.9450+17.0079,235.9450807,17.0079041,QSO type1-BL,Millquas,5.82,SUN,2023ApJ...943...67S,True,1
SDSS J023930.24-004505.4,39.875978,-0.751484,QSO type1-BL,Millquas,5.82,UUN,2009AJ....138..305J,True,1
HSCJ0857+0142,134.3497917,1.7151667,Active galactic nuclei ; High-redshift galaxies ; Lyman-alpha galaxies ; Quasars,eJWST,5.82,SUN,2018PASJ...70S..35M,True,5
PSO J236.2912+16.6088,236.2912048,16.6088377,QSO type1-BL,Millquas,5.82,SUN,2023ApJ...943...67S,True,1
HSC J023858.09-031845.4,39.742039,-3.312627,QSO type1-BL,Millquas,5.83,S1L,2019ApJ...883..183M,True,1
PSO J212.2974-15.9865,212.2973731,-15.9866138,QSO type1-BL,Millquas,5.83,SUN,2023ApJ...943...67S,True,4
PSO J178.5594-12.1881,178.5593912,-12.1881834,QSO type1-BL,Millquas,5.83,UUN,2016ApJS..227...11B,True,4
ILTJ2201+2338,330.2817126,23.6438592,QSO type1-BL-R,Millquas,5.83,S,2022A&A..668A...27G,True,4
SDSS J143611.74+500706.9,219.0489167,50.1185834,QSO type1-BL,Millquas,5.83,S,2006AJ 131203....1R,True,5
PSO J242.4397-12.9816,242.4396898,-12.9817241,QSO type1-BL,Millquas,5.83,S1L,2022MNRAS.513.1801L,True,4
ULAS J1243+2529,190.9200703,25.4899055,QSO type1-BL,Millquas,5.83,S,2015in pr...1....1W,True,4
PSO J352.4034-15.3373,352.4034847,-15.3373501,QSO type1-BL-R,Millquas,5.832,S1L,2022A&A...664A..39K,True,5
VIKING J1148+0056,177.138248,0.9450072,QSO type1-BL,Millquas,5.84,SUN,2018ApJS..237....5M,True,4
PSO J148.4829+69.1812,148.4829167,69.1812834,QSO type1-BL,Millquas,5.84,SUN,2023ApJ...943...67S,True,1
PSO J210.8722-12.0094,210.8722479,-12.0094962,QSO type1-BL,Millquas,5.84,SUN,2023ApJ...943...67S,True,4
PSO J197.7198+25.5351,197.7198095,25.5351869,QSO type1-BL,Millquas,5.84,SUN,2023ApJ...943...67S,True,4
HSCJ0914+0442,138.6519583,4.7088056,Active galactic nuclei ; High-redshift galaxies ; Lyman-alpha galaxies ; Quasars,eJWST,5.84,SUN,2018ApJS..237....5M,True,5
HSC J1550+4318,237.503875,43.3007778,QSO type1-BL,Millquas,5.84,S1L,2022MNRAS.517.1264L,True,4
VIKING J0839+0015,129.9807551,0.2650704,QSO type1-BL,Millquas,5.84,SUN,2018ApJS..237....5M,True,4
SDSS J084035.09+562419.9,130.1462602,56.4056201,QSO type1-BL,Millquas,5.8441,UUN,2010ApJ...714..699W,True,5
PSO J127.2817+03.0657,127.2817348,3.0657026,QSO type1-BL,Millquas,5.85,SUN,2023ApJ...943...67S,True,5
PSO J025.2376-11.6831,25.2376251,-11.6831509,QSO type1-BL,Millquas,5.85,S,,True,1
NDWFS J142516.3+325409,216.3180333,32.9026581,QSO type1-BL,Millquas,5.85,S,2006AJ 13.823....1E,True,5
SDSS J000552.33-000655.6,1.4680542,-0.1154575,QSO type1-BL-X,Millquas,5.855,S,2020ApJS..250....8L,True,2
PSO J175.4294+71.3236,175.4294584,71.3236195,QSO type1-BL,Millquas,5.86,SUN,2023ApJ...943...67S,True,1
VIKING J0328-3253,52.147992,-32.889677,QSO type1-BL,Millquas,5.86,SUN,2018MNRAS.478.1649C,True,1
SDSS J140319.13+090250.9,210.8297164,9.047501,QSO type1-BL,Millquas,5.86,S,2015AJ....149..188J,True,4
PSO J183.2991-12.7676,183.2991899,-12.7675989,QSO type1-BL,Millquas,5.86,S,2014AJ 14..14....1M,True,36
HSC J1209-0006,182.3499584,-0.1129167,QSO type1-BL,Millquas,5.86,S1L,2022MNRAS.517.1264L,True,4
ULAS J02035+0012,30.8849563,0.2081178,QSO type1-BL,Millquas,5.864,S,2008AJ 131057....1A,True,4
SDSS J085048.25+324647.9,132.7010392,32.779945,QSO type1-BL,Millquas,5.867,UUN,2015AJ....149..188J,True,5
PSO J053.9605-15.7956,53.9605475,-15.7957247,QSO type1-BL,Millquas,5.87,UUN,2016ApJS..227...11B,True,1
HSCJ1609+5515,242.4699583,55.2634722,Active galactic nuclei ; High-redshift galaxies ; Lyman-alpha galaxies ; Quasars,eJWST,5.87,SUN,2018ApJS..237....5M,True,5
SDSS J211951.89-004020.1,319.966209,-0.672265,QSO type1-BL,Millquas,5.87,SUN,2016ApJ...833..222J,True,4
SDSS J230735.35+003149.4,346.897323,0.530375,QSO type1-BL,Millquas,5.87,S,2009AJ 13.305....1B,True,4
HSC J2231-0035,337.953628,-0.596426,QSO type1-BL,Millquas,5.87,S1L,2022MNRAS.517.1264L,True,4
PSO J157.9070-02.6599,157.907042,-2.6599084,QSO type1-BL,Millquas,5.88,SUN,2023ApJ...943...67S,True,4
PSO J075.9356-07.5061,75.935631,-7.506131,QSO type1-BL,Millquas,5.88,SUN,2023ApJ...943...67S,True,1
CFHQS J2242+0334,340.6564584,3.5726667,QSO type1-BL,Millquas,5.88,SUN,2018ApJS..237....5M,True,4
PSO J213.3629-22.5617,213.3629807,-22.5617458,QSO type1-BL,Millquas,5.88,S,2014AJ 14..14....1M,True,4
J2329-0403,352.31025,-4.0566944,High-redshift galaxies ; Quasars,eJWST,5.883,S1L,2022ApJ...941..106F,True,1
PSO J042.6690-02.9174,42.669102,-2.9174851,QSO type1-BL,Millquas,5.89,SUN,2023ApJ...943...67S,True,1
PSO J071.0322-04.5591,71.0322314,-4.5592193,QSO type1-BL,Millquas,5.89,UUN,2016ApJS..227...11B,True,1
SDSS J083525.76+321752.6,128.8573334,32.2979445,QSO type1-BL,Millquas,5.89,S,2016ApJ...833..222J,True,1
PSO J187.3050+04.3243,187.3050171,4.3243205,QSO type1-BL,Millquas,5.89,SUN,2023ApJ...943...67S,True,4
VIK J2315-2856,348.7807917,-28.9381667,QSO type1-BL,Millquas,5.89,SUN,2023ApJS..265...29B,True,4
HSC J1422+0011,215.5009584,0.1841667,QSO type1-BL,Millquas,5.89,S1L,2022MNRAS.517.1264L,True,4
PSOJ183-12,183.2991667,-12.7676389,High-redshift galaxies ; Quasars,eJWST,5.893,S1L,2023MNRAS.523.1399D,True,4
PSO J194.1290+25.5476,194.1290001,25.5475917,QSO type1-BL-2,Millquas,5.89685,SLS,2023arXiv230606308D,True,4
PSO J000.0805-18.2360,0.0805417,-18.2360112,QSO type1-BL,Millquas,5.9,SUN,2023ApJS..265...29B,True,1
PSO J023.0071-02.2675,23.0071197,-2.2675918,QSO type1-BL,Millquas,5.9,P,,True,1
PSO J319.6040-10.9326,319.604028,-10.932648,QSO type1-BL,Millquas,5.9,SUN,2023ApJ...943...67S,True,4
HSC J142307.21-022519.0,215.7800417,-2.4219445,QSO type1-BL,Millquas,5.9,S1L,2019ApJ...883..183M,True,4
CFHQS J23292-0403,352.3104,-4.0571,QSO type1-BL,Millquas,5.9,P,2009AJ 133541....1R,True,3
HSC J0220-0432,35.1238334,-4.5344445,QSO type1-BL,Millquas,5.9,S1L,2022MNRAS.517.1264L,True,9
PSO J135.8704-13.8336,135.8705149,-13.8337249,QSO type1-BL,Millquas,5.91,SUN,2023ApJ...943...67S,True,4
HSC J161819.77+552654.0,244.582375,55.4483334,QSO type1-BL,Millquas,5.91,S1L,2019ApJ...883..183M,True,1
PSO J218.3967+28.3306,218.39675,28.3307223,QSO type1-BL,Millquas,5.91,SUN,2023ApJ...943...67S,True,4
HSC J0903+0211,135.8111667,2.1911945,QSO type1-BL,Millquas,5.92,S1L,2018PASJ...70S..35M,True,4
SDSS J205321.77+004706.8,313.3407084,0.7852223,QSO type1-BL,Millquas,5.92,UUN,2009AJ....138..305J,True,4
PSO J228.6871+21.2388,228.6870887,21.2388205,QSO type1-BL,Millquas,5.92,S,,True,1
DELS J091828.65+194045.0,139.6193667,19.6791419,QSO type1-BL,Millquas,5.92,S1L,2019ApJ...884...30W,True,4
PSO J328.7339-09.5076,328.7340371,-9.507632,QSO type1-BL,Millquas,5.92,SUN,2023ApJ...943...67S,True,4
PSO J108.4429+08.9257,108.4429696,8.9257141,QSO type1-BL,Millquas,5.92,S,,True,1
CFHQS J1059-0906,164.8690453,-9.1057633,QSO type1-BL,Millquas,5.92,SUN,2016ApJ...819...24W,True,4
HSC J093000.85+005738.4,142.5035417,0.9606667,QSO type1-BL,Millquas,5.92,S1L,2019ApJ...883..183M,True,4
HSC J1202-0057,180.6932084,-0.9504445,QSO type1-BL,Millquas,5.9289,S1L,2018PASJ...70...36I,True,4
SDSS J133550.81+353315.8,203.9617084,35.5543889,QSO type1-BL-X,Millquas,5.93,S,2006AJ 131203....1R,True,5
VIKING J1215+0023,183.8203701,0.3901926,QSO type1-BL,Millquas,5.93,SUN,2018ApJS..237....5M,True,4
SDSS J141111.29+121737.4,212.7970417,12.2937223,QSO type1-BL-X,Millquas,5.93,S,2004AJ 12.515....1R,True,4
PSO J049.2934-26.5543,49.2934677,-26.5543628,QSO type1-BL,Millquas,5.94,UUN,2016ApJS..227...11B,True,1
HSC J1414+0130,213.66475,1.5101389,QSO type1-BL,Millquas,5.94,S1L,2018PASJ...70S..35M,True,4
IMS J220417.92+011144.8,331.074747,1.195708,QSO type1-BL,Millquas,5.944,S,2015ApJ...813...35K,True,4
CFHQS J01028-0218,15.711029,-2.302908,QSO type1-BL,Millquas,5.95,SUN,2016ApJ...819...24W,True,1
SDSS J222843.54+011032.2,337.181346,1.175545,QSO type1-BL,Millquas,5.95,SUN,2018ApJS..237....5M,True,4
PSO J267.0021+22.7812,267.0020998,22.7811977,QSO type1-BL,Millquas,5.95,SUN,2023ApJ...943...67S,True,1
PSO J009.7355-10.4316,9.7354959,-10.4316551,QSO type1-BL,Millquas,5.95,S,,True,1
PSO J001.6889-28.6783,1.689,-28.6783473,QSO type1-BL,Millquas,5.95,SUN,2023ApJS..265...29B,True,1
SDSS J084119.52+290504.4,130.3313125,29.0845695,QSO type1-BL,Millquas,5.954,S1L,2022ApJ...941..106F,True,4
ULAS J0148+0600,27.1568423,6.0055434,QSO type1-BL,Millquas,5.96,S,2015in pr...1....1W,True,782
HSC J121049.13+013426.7,182.7047084,1.5740834,QSO type1-BL,Millquas,5.97,SUN,2019ApJ...883..183M,True,4
J0148+0600,27.1568292,6.0055583,Quasars,eJWST,5.977,S1L,2023MNRAS.523.1399D,True,45
PSO J008.6083+10.8518,8.6083334,10.8518612,QSO type1-BL,Millquas,5.98,SUN,2023ApJS..265...29B,True,1
CFHQS J0316-1340,49.2077917,-13.6756389,QSO type1-BL,Millquas,5.99,SUN,2016ApJ...819...24W,True,4
PSO J056.7168-16.4769,56.7169116,-16.4769415,QSO type1-BL,Millquas,5.99,S,,True,1
HSC J0858+0000,134.5562917,0.0158612,QSO type1-BL,Millquas,5.99,S1L,2022MNRAS.517.1264L,True,4
PSO J032.9188-17.0746,32.918876,-17.074659,QSO type1-BL,Millquas,5.99,SUN,2023ApJS..265...29B,True,1
PSO J007.0273+04.9571,7.0273686,4.9570557,QSO type1-BL,Millquas,5.99,S,2014AJ 14..14....1M,True,1
SDSSp J130608.26+035626.3,196.5344071,3.9406493,QSO type1-BL-X,Millquas,5.99,S,2001AJ 122850....1W,True,1002
PSO J037.9706-28.8389,37.9706352,-28.8389346,QSO type1-BL,Millquas,6.0,SUN,2023ApJ...943...67S,True,4
SDSS J235651.58+002333.3,359.214884,0.392534,QSO type1-BL,Millquas,6.0,P,2009AJ 13.305....1B,True,4
VDESJ2250-5015,342.508399,-50.261739,QSO type1-BL,Millquas,6.0,P,2017MNRAS.468.4702R,True,4
CEERS_00397,214.8362083,52.8826944,Active galactic nuclei,eJWST,6.0,SUN,2024ApJ...963....9M,True,16
HSCJ0212-0158,33.1864167,-1.9735,Active galactic nuclei ; High-redshift galaxies ; Lyman-alpha galaxies ; Quasars,eJWST,6.0,SUN,2018PASJ...70S..35M,True,5
SDSS J081827.40+172251.8,124.6141667,17.3810556,QSO type1-BL,Millquas,6.0,P,2006AJ 131203....1R,True,1
PSOJ340-18,340.2041667,-18.6621667,High-redshift galaxies ; Quasars,eJWST,6.0007,S1L,2022ApJ...941..106F,True,4
PSO J340.2041-18.6621,340.2040377,-18.6621912,QSO type1-BL,Millquas,6.0007,S1L,2022ApJ...941..106F,True,32
SDSS J2310+1855,347.6620422,18.9221945,QSO type1-BL,Millquas,6.0031,S1L,2022A&A...668A.121S,True,3
SDSS J113717.73+354956.9,174.323875,35.8324723,QSO type1-BL,Millquas,6.009,SUN,2022MNRAS.515.5914I,True,4
HSC J1207-0005,181.9755834,-0.0981112,QSO type1-BL,Millquas,6.01,S1L,2018PASJ...70S..35M,True,9
HSCJ0853+0139,133.4535,1.6530556,Active galactic nuclei; High-redshift galaxies; Lyman-alpha galaxies; Quasars; Starburst galaxies,eJWST,6.01,S1L,2018PASJ...70S..35M,True,4
HSC J1219+0050,184.77225,0.84375,QSO type1-BL,Millquas,6.01,S1L,2022MNRAS.517.1264L,True,4
HSC J142611.33-012822.8,216.5472084,-1.473,QSO type1-BL,Millquas,6.01,S1L,2019ApJ...883..183M,True,4
HSC J0902+0155,135.728625,1.9196945,QSO type1-BL,Millquas,6.01,S1L,2018PASJ...70S..35M,True,4
HSC J0853+0139,133.4535,1.6530556,QSO type1-BL,Millquas,6.01,S1L,2018PASJ...70S..35M,True,5
CFHQS J02164-0455,34.115875,-4.9261389,QSO type1-BL,Millquas,6.01,SUN,2018ApJS..237....5M,True,4
HSCJ2228+0128,337.1159583,1.4693056,Active galactic nuclei ; High-redshift galaxies ; Lyman-alpha galaxies ; Quasars,eJWST,6.01,S1L,2018PASJ...70S..35M,True,5
HSC J2228+0128,337.116016,1.469172,QSO type1-BL,Millquas,6.01,S1L,2018PASJ...70S..35M,True,4
CFHQS J00550+0146,13.7622,1.7716,QSO type1-BL,Millquas,6.02,S,2009AJ 133541....1R,True,1
VIK J0046-2837,11.5985407,-28.6299101,QSO type1-BL,Millquas,6.02,S,,True,1
SDSS J125757.47+634937.2,194.4894711,63.8269508,QSO type1-BL,Millquas,6.02,S,2015AJ....149..188J,True,5
ATLAS J029.9915-36.5658,29.99159,-36.565741,QSO type1-BL,Millquas,6.02,S1L,2022MNRAS.513.1801L,True,1
HSC J1417+0117,214.3694584,1.2867778,QSO type1-BL,Millquas,6.02,S1L,2018PASJ...70S..35M,True,9
PSO J265.9298+41.4139,265.9297917,41.41395,QSO type1-BL,Millquas,6.0263,SUN,2023ApJS..265...29B,True,1
PSO J333.9859+26.1081,333.9860103,26.1081536,QSO type1-BL,Millquas,6.027,S1L,2022ApJ...941..106F,True,4
HSCJ1211-0118,182.9045833,-1.3045556,Active galactic nuclei ; High-redshift galaxies ; Lyman-alpha galaxies ; Quasars,eJWST,6.0293,SUN,2022ApJ...941...74O,True,5
HSC J1416+0015,214.0529584,0.2628334,QSO type1-BL,Millquas,6.03,S1L,2018PASJ...70S..35M,True,5
HSC J0202-0251,30.742566,-2.864899,QSO type1-BL,Millquas,6.03,S1L,2018PASJ...70S..35M,True,1
HSCJ1416+0015,214.0529583,0.2628333,Active galactic nuclei; High-redshift galaxies; Lyman-alpha galaxies; Quasars; Starburst galaxies,eJWST,6.03,S1L,2018PASJ...70S..35M,True,4
HSCJ1628+4312,247.1375833,43.2029444,Active galactic nuclei ; High-redshift galaxies ; Lyman-alpha galaxies ; Quasars,eJWST,6.03,SUN,2018PASJ...70S..35M,True,5
HSC J0206-0255,31.546727,-2.92719,QSO type1-BL,Millquas,6.03,S,2018PASJ..70S...35M,True,4
ULAS J1207+0630,181.9059662,6.5029228,QSO type1-BL,Millquas,6.0366,S1L,2022MNRAS.517.2508W,True,4
PSO J210.7277+40.4008,210.7277489,40.4008512,QSO type1-BL,Millquas,6.04,SUN,2023ApJ...943...67S,True,4
HSC J1400-0125,210.1249584,-1.4225,QSO type1-BL,Millquas,6.04,S1L,2022MNRAS.517.1264L,True,4
HSC J1400-0011,210.1199584,-0.1976389,QSO type1-BL,Millquas,6.04,S1L,2022MNRAS.517.1264L,True,4
HSC J1429-0002,217.33425,-0.0353889,QSO type1-BL,Millquas,6.04,S1L,2018PASJ...70S..35M,True,4
J1603+5510,240.9544583,55.1756389,High-redshift galaxies ; Quasars,eJWST,6.041,SUN,2016ApJ...819...24W,True,4
SDSS J035349.72+010404.4,58.4572429,1.0679554,QSO type1-BL,Millquas,6.049,UUN,2008AJ....135.1057J,True,4
PSO J089.9394-15.5833,89.9394374,-15.5833894,QSO type1-BL,Millquas,6.05,S,,True,1
CFHSQ J23180-0246,349.5115,-2.7762,QSO type1-BL,Millquas,6.05,SUN,2016ApJ...819...24W,True,4
CFHQS J16413+3755,250.340542,37.9222724,QSO type1-BL,Millquas,6.05,SUN,2023ApJ...943...67S,True,4
SDSS J163033.90+401209.6,247.64125,40.2026667,QSO type1-BL-X,Millquas,6.05,S,2003AJ 121649....1S,True,4
HSC J0957+0053,149.4182917,0.8926667,QSO type1-BL,Millquas,6.05,S1L,2022MNRAS.517.1264L,True,4
HSC J2223+0326,335.789625,3.4389723,QSO type1-BL,Millquas,6.05,S1L,2022MNRAS.517.1264L,True,4
J1215-0148,183.76425,-1.8163056,High-redshift galaxies ; Quasars,eJWST,6.053,S1L,2024ApJ...965L...4M,True,4
HSCJ1215-0149,183.7647917,-1.8164722,Active galactic nuclei ; High-redshift galaxies ; Lyman-alpha galaxies ; Quasars,eJWST,6.053,S1L,2024ApJ...965L...4M,True,5
HSCJ1215-0148,183.76425,-1.8163056,Active galactic nuclei ; High-redshift galaxies ; Lyman-alpha galaxies ; Quasars,eJWST,6.053,S1L,2024ApJ...965L...4M,True,5
SDSS J084229.43+121850.5,130.6226252,12.3140278,QSO type1-BL,Millquas,6.055,S,2015AJ....149..188J,True,4
HSC J010603.68-003015.2,16.51537,-0.504255,QSO type1-BL,Millquas,6.06,S1L,2019ApJ...883..183M,True,4
ILTJ1650+5457,252.715625,54.9503834,QSO type1-BL-R,Millquas,6.06,S1L,2022A&A...668A..27G,True,4
HSC J1201+0133,180.2625834,1.5656667,QSO type1-BL,Millquas,6.06,S1L,2018PASJ...70S..35M,True,4
SDSS J205406.49-000514.8,313.5270672,-0.0873789,QSO type1-BL,Millquas,6.062,S,2008AJ 131057....1A,True,11
VST J158.6938-14.4211,158.6937924,-14.4210705,QSO type1-BL,Millquas,6.0685,SUN,2023ApJS..265...29B,True,1
HSC J0911+0152,137.8094584,1.8720556,QSO type1-BL,Millquas,6.07,S1L,2018PASJ...70S..35M,True,29
HSC J1416+0147,214.220875,1.7839445,QSO type1-BL,Millquas,6.07,S1L,2022MNRAS.517.1264L,True,4
ILTJ1037+4033,159.4924167,40.5579834,QSO type1-BL-R,Millquas,6.07,SUN,2023A&A...678A.128G,True,4
VDESJ0420-4453,65.047291,-44.889922,QSO type1-BL,Millquas,6.07,SUN,2017MNRAS.468.4702R,True,1
DELS J155909.09+221214.4,239.7878921,22.2039757,QSO type1-BL,Millquas,6.07,S,2017ApJ...839...27W,True,1
SDSS J030331.40-001912.9,45.8808292,-0.3202728,QSO type1-BL,Millquas,6.07,UUN,2008AJ....135.1057J,True,1
SDSS J16029+4228,240.7249132,42.4735693,QSO type1-BL-R-X,Millquas,6.07,S,2004AJ 12.515....1R,True,4
HSC J2228+0152,337.19878,1.877878,QSO type1-BL,Millquas,6.08,S1L,2018PASJ...70S..35M,True,4
HSCJ0935-0110,143.9305,-1.1759167,Active galactic nuclei; High-redshift galaxies; Lyman-alpha galaxies; Quasars; Starburst galaxies,eJWST,6.08,S1L,2019ApJ...883..183M,True,4
HSC J093543.32-011033.3,143.9305,-1.1759167,QSO-NL,Millquas,6.08,S1L,2019ApJ...883..183M,True,5
PSO J293.0317+71.6523,293.0317696,71.652347,QSO type1-BL,Millquas,6.08,S,,True,1
CFHQS J2100-1715,315.2275834,-17.25625,QSO type1-BL,Millquas,6.09,S,2010AJ 13.906....1R,True,2
PSO J030.1387-17.6238,30.138802,-17.623899,QSO type1-BL,Millquas,6.09,SUN,2023ApJS..269...27Y,True,1
DES J0454-4448,73.507464,-44.808624,QSO type1-BL,Millquas,6.09,S,,True,1
DES J032214.54-184117.4,50.560622,-18.688189,QSO type1-BL-R,Millquas,6.09,MLS,2023MNRAS.519.2060I,True,1
HSC J0235-0532,38.92675,-5.5448889,QSO type1-BL,Millquas,6.0901,SUN,2022ApJ...941...74O,False,7
HSC J2216-0016,334.1852917,-0.2805556,QSO type1-BL,Millquas,6.0962,S1L,2022ApJ...941..106F,True,4
PSO J002.3786+32.8702,2.3787287,32.8702162,QSO type1-BL,Millquas,6.1,SUN,2023ApJ...943...67S,True,1
HSC J000445.81-004944.3,1.190887,-0.828981,QSO type1-BL,Millquas,6.1,S1L,2019ApJ...883..183M,True,1
HSC J1406-0144,211.6953334,-1.7340556,QSO type1-BL,Millquas,6.1,S1L,2022MNRAS.517.1264L,True,4
PSO J030947.49+271757.31,47.4478528,27.2992559,QSO type1-BL-R,Millquas,6.1,S1L,2022A&A...664A..39K,True,4
PSO J217.0891-16.0453,217.0891118,-16.04539,QSO type1-BL,Millquas,6.11,S,,True,4
PSO J239.7124-07.4026,239.7124118,-7.4027068,QSO type1-BL,Millquas,6.114,S1L,2023MNRAS.523.1399D,True,4
SDSS J231546.57-002358.1,348.9441106,-0.399414,QSO type1-BL,Millquas,6.117,UUN,2008AJ....135.1057J,True,4
HSC J2252+0225,343.0226667,2.4255278,QSO type1-BL,Millquas,6.12,S1L,2022MNRAS.517.1264L,True,4
DELS J104119.15+200824.0,160.329792,20.14,QSO type1-BL,Millquas,6.12,S1L,2019ApJ...884...30W,True,4
VIK J2227-3323,336.8274167,-33.3930612,QSO type1-BL,Millquas,6.12,SUN,2023ApJS..265...29B,True,4
NDWFS J14276+3312,216.9108334,33.2117084,QSO type1-BL-R,Millquas,6.121,S1L,2022ApJ...941..106F,True,4
CFHQS J15096-1749,227.4240388,-17.8241321,QSO type1-BL,Millquas,6.1225,S1L,2022ApJ...941..106F,True,4
PSO J065.5041-19.4579,65.5041766,-19.4579754,QSO type1-BL,Millquas,6.1247,S1L,2022ApJ...941..106F,True,1
HSCJ1254-0014,193.6545,-0.2363056,Active galactic nuclei; High-redshift galaxies; Lyman-alpha galaxies; Quasars; Starburst galaxies,eJWST,6.13,S1L,2019ApJ...883..183M,True,4
HSC J1440-0107,220.0054167,-1.1172778,QSO type1-BL,Millquas,6.13,S1L,2018PASJ...70S..35M,True,4
HSC J1423-0018,215.882125,-0.3025278,QSO type1-BL,Millquas,6.13,S1L,2018PASJ...70S..35M,True,5
DES J032021.44-352104.1,50.089335,-35.351148,QSO type1-BL-R,Millquas,6.13,MLS,2023MNRAS.519.2060I,True,1
HSCJ1423-0018,215.882125,-0.3025278,Active galactic nuclei; High-redshift galaxies; Lyman-alpha galaxies; Quasars; Starburst galaxies,eJWST,6.13,S1L,2018PASJ...70S..35M,True,4
HSC J125437.08-001410.7,193.6545,-0.2363056,QSO-NL,Millquas,6.13,S1L,2019ApJ...883..183M,True,5
HSC J151657.87+422852.9,229.241125,42.4813612,QSO type1-BL,Millquas,6.13,S1L,2019ApJ...883..183M,True,4
CFHQS J00331-0125,8.297574,-1.423725,QSO type1-BL,Millquas,6.13,S,2007AJ 132435....1O,True,1
HSC J000133.30+000605.4,0.388773,0.101465,QSO type1-BL,Millquas,6.13,S1L,2019ApJ...883..183M,True,1
ULAS J1319+0950,199.7970476,9.8476398,QSO type1-BL,Millquas,6.1336,SLS,2022A&A...662A..60D,True,6
SDSS J125051.93+313021.9,192.7163262,31.5060647,QSO type1-BL,Millquas,6.138,S1L,2022ApJ...941..106F,True,4
PSO J210.4472+27.8263,210.4472429,27.8264188,QSO type1-BL,Millquas,6.14,S,,True,4
PSO J217.9185-07.4120,217.9185296,-7.4120826,QSO type1-BL,Millquas,6.14,S,,True,4
ULAS J0828+2633,127.055875,26.5654139,QSO type1-BL,Millquas,6.14,SUN,2023ApJ...943...67S,True,1
PSO J065.4085-26.9543,65.4085396,-26.954371,QSO type1-BL,Millquas,6.14,S,,True,1
HSC J144823.33+433305.9,222.0972084,43.5516389,QSO type1-BL,Millquas,6.14,S1L,2019ApJ...883..183M,True,4
VIK J2318-3029,349.6379167,-30.4926028,QSO type1-BL,Millquas,6.146,S,,True,4
VIMOS2911001793,334.82175,1.0469167,QSO type1-BL,Millquas,6.1492,S1L,2017ApJ...850..108W,True,4
PSO J334.0181-05.0048,334.0181667,-5.0048834,QSO type1-BL,Millquas,6.15,SUN,2023ApJ...943...67S,True,4
HSC J0909+0440,137.3395834,4.6785834,QSO type1-BL,Millquas,6.15,S1L,2022MNRAS.517.1264L,True,4
HSC J0834+0211,128.5036667,2.1963612,QSO type1-BL,Millquas,6.15,S1L,2022MNRAS.517.1264L,True,4
PSO J359.1352-06.3831,359.1352135,-6.3831409,QSO type1-BL,Millquas,6.15,S,,True,1003
HSC J134733.69-015750.6,206.890375,-1.9640556,QSO type1-BL,Millquas,6.15,S1L,2019ApJ...883..183M,True,4
DELS J084303.76+291113.4,130.7656415,29.1870125,QSO type1-BL,Millquas,6.15,S1L,2019ApJ...884...30W,True,4
DELS J154825.40+005015.5,237.105821,0.8375874,QSO type1-BL,Millquas,6.15,S1L,2019ApJ...884...30W,True,1
CFHQS J2229+1457,337.256875,14.9525,QSO type1-BL,Millquas,6.1517,S1L,2022ApJ...941..106F,True,1
HSC J2201+0155,330.383625,1.9247223,QSO type1-BL,Millquas,6.16,S1L,2018PASJ...70S..35M,True,4
SDSS J160937.27+304147.7,242.4052917,30.6966056,QSO type1-BL,Millquas,6.16,S,2016ApJ...833..222J,True,1
HSC J1146-0154,176.6360834,-1.9106389,QSO type1-BL,Millquas,6.16,S1L,2022MNRAS.517.1264L,True,4
CFHQS J0221-0802,35.344642,-8.047685,QSO type1-BL,Millquas,6.161,S1L,2017ApJ...850..108W,True,4
PSO J060.5529+24.8567,60.5528905,24.8567736,QSO type1-BL,Millquas,6.17,S1L,2022MNRAS.513.1801L,True,4
PSO J043.1111-02.6224,43.11116,-2.62245,QSO type1-BL,Millquas,6.17,SUN,2023ApJS..265...29B,True,1
HSC J2232+0012,338.050125,0.2106667,QSO type1-BL,Millquas,6.18,S1L,2018PASJ...70S..35M,True,5
HSC J225520.78+050343.3,343.8365834,5.0620278,QSO type1-BL,Millquas,6.18,S1L,2019ApJ...883..183M,True,4
HSC J0844-0132,131.035875,-1.5379167,QSO type1-BL,Millquas,6.18,S1L,2022MNRAS.517.1264L,True,29
HSC J1425-0015,216.3238334,-0.2613612,QSO type1-BL,Millquas,6.18,S1L,2018PASJ...70S..35M,True,29
PSO J281.3361+53.7631,281.3361667,53.76315,QSO type1-BL,Millquas,6.18,SUN,2023ApJS..269...27Y,True,1
HSCJ2232+0012,338.050125,0.2106667,Active galactic nuclei; High-redshift galaxies; Lyman-alpha galaxies; Quasars; Starburst galaxies,eJWST,6.18,S1L,2018PASJ...70S..35M,True,4
HSC J151248.71+442217.5,228.2029584,44.3715278,QSO type1-BL,Millquas,6.19,SLS,2019ApJ...883..183M,True,29
HSC J0918+0139,139.6382084,1.6564723,QSO type1-BL,Millquas,6.19,S1L,2022MNRAS.517.1264L,True,29
HSC J1208-0200,182.2467917,-2.0096667,QSO type1-BL,Millquas,6.2,P,2018PASJ..70S...35M,True,4
CFHQS J02277-0605,36.930432,-6.091764,QSO type1-BL,Millquas,6.2,P,2009AJ 133541....1R,True,1
PSO J184.3389+01.5284,184.3389119,1.5284767,QSO type1-BL,Millquas,6.2,P,,True,4
HSC J0217-0208,34.3399584,-2.1479445,QSO type1-BL,Millquas,6.2037,SUN,2022ApJ...941...74O,True,38
CFHQS J0136+0226,24.0132084,2.4349167,QSO type1-BL,Millquas,6.206,S1L,2022ApJ...941..106F,True,1
CFHQS J1429+5447,217.467375,54.78825,QSO type1-BL-R-X,Millquas,6.21,S,2010AJ 13.906....1R,True,4
VDESJ0410-4414,62.513467,-44.244635,QSO type1-BL,Millquas,6.21,SUN,2017MNRAS.468.4702R,True,1
SDSS J162331.81+311200.5,245.8825417,31.2001389,QSO type1-BL-X,Millquas,6.22,S,2004AJ 12.515....1R,True,4
PSO J308.0416-21.2339,308.0416495,-21.2339941,QSO type1-BL,Millquas,6.2355,S1L,2022ApJ...941..106F,True,2
CFHQS J0050+3445,12.5277653,34.756004,QSO type1-BL-X,Millquas,6.246,S1L,2022ApJ...941..106F,True,1
ILTJ1133+4814,173.460125,48.2420056,QSO type1-BL-R,Millquas,6.25,S,2022A&A..668A...27G,True,4
VDESJ0330-4025,52.61632,-40.42121,QSO type1-BL,Millquas,6.25,SUN,2017MNRAS.468.4702R,True,1
VDESJ0323-4701,50.918139,-47.022256,QSO type1-BL,Millquas,6.25,SUN,2017MNRAS.468.4702R,True,1
HSC J0844-0052,131.1316667,-0.8818334,QSO type1-BL,Millquas,6.25,S1L,2018PASJ...70S..35M,True,29
VDESJ0143-5545,25.792719,-55.752976,QSO type1-BL,Millquas,6.25,SUN,2017MNRAS.468.4702R,True,1
HSC J2239+0207,339.9477917,2.1298612,QSO type1-BL,Millquas,6.26,S,2018PASJ..70S...35M,True,4
HSCJ0905+0300,136.4360417,3.0163611,Active galactic nuclei; High-redshift galaxies; Lyman-alpha galaxies; Quasars; Starburst galaxies,eJWST,6.27,S1L,2018PASJ...70S..35M,True,4
HSC J1146+0124,176.70175,1.4055834,QSO type1-BL,Millquas,6.27,S1L,2022MNRAS.517.1264L,True,29
HSC J152555.79+430324.0,231.4824584,43.0566667,QSO type1-BL,Millquas,6.27,SLS,2019ApJ...883..183M,True,29
HSC J0905+0300,136.4360417,3.0163334,QSO type1-BL,Millquas,6.27,S1L,2018PASJ...70S..35M,True,5
PSO J215.4303+26.5325,215.430375,26.5325389,QSO type1-BL,Millquas,6.28,SUN,2023ApJS..265...29B,True,4
SDSS J10487+4637,162.1877429,46.6217708,QSO type1-BL,Millquas,6.287065,SLS,2016SDSSD.C...0000:,True,1
ULAS J1148+0702,177.0136783,7.0356163,QSO type1-BL,Millquas,6.29,S,2015in pr...1....1W,True,4
HSC J1146-0005,176.745375,-0.0938056,QSO type1-BL,Millquas,6.3,S1L,2022MNRAS.517.1264L,True,29
DESI J152556.47+385040.2,231.48529,38.84452,QSO type1-BL,Millquas,6.3,SUN,2023ApJS..269...27Y,True,4
SDSS J010013.02+280225.8,15.05425,28.0405,QSO type1-BL-R-X,Millquas,6.301,S,2015Natur.518..512X,True,786
SDSSp J103027.10-052455.0,157.6129167,5.41525,QSO type1-BL-X,Millquas,6.308,S1L,2018ApJ...867..153C,True,1304
J1030+0524,157.6128792,5.4153056,Quasars,eJWST,6.308,S1L,2018ApJ...867..153C,True,87
ATLAS J025.6821-33.4627,25.682166,-33.462648,QSO type1-BL-X,Millquas,6.31,S,2015MNRAS.451...16C,True,1
J0100+2802,15.0542333,28.0405,Quasars,eJWST,6.3269,S1L,2022ApJ...941..106F,True,40
HSC J1406-0116,211.6213334,-1.2697778,QSO type1-BL,Millquas,6.33,S,2018ApJS..237....5M,True,4
HSC J2255+0251,343.9085,2.8573889,QSO type1-BL,Millquas,6.333,S1L,2023Natur.621...51D,True,29
HFLS3,256.6991667,58.7731972,Active galactic nuclei; High-redshift galaxies; Starburst galaxies,eJWST,6.3369,UUN,2014ApJ...790...40C,True,9
VIK J2211-3206,332.8016292,-32.1035945,QSO type1-BL,Millquas,6.3394,S1L,2022ApJ...941..106F,True,4
PSO J083.8371+11.8482,83.83706,11.8482353,QSO type1-BL,Millquas,6.3401,S1L,2022ApJ...941..106F,True,1
DELS J131608.14+102832.8,199.0339167,10.4757778,QSO type1-BL,Millquas,6.35,S,,True,4
HSC J0857+0056,134.4105417,0.9368612,QSO type1-BL,Millquas,6.35,S1L,2018PASJ...70S..35M,True,4
HSC J1152+0055,178.088625,0.9268334,QSO type1-BL,Millquas,6.3637,S1L,2022ApJ...941..106F,True,4
HSC J0211-0203,32.9355417,-2.0510834,QSO type1-BL,Millquas,6.37,S1L,2022MNRAS.517.1264L,True,4
J159-02,159.2257917,-2.5438722,Quasars,eJWST,6.3822,SLS,2022A&A...662A..60D,True,8
PSO J159.2257-02.5438,159.2257501,-2.5438835,QSO type1-BL-X,Millquas,6.3822,SLS,2022A&A...662A..60D,True,1526
DELS J080305.42+313834.2,120.7725834,31.6428334,QSO type1-BL-R,Millquas,6.384,SUN,2023A&A...678A.128G,True,1
HSC J0859+0022,134.7799584,0.3821945,QSO type1-BL,Millquas,6.3903,S1L,2022ApJ...941..106F,True,1
DELS J153532.87+194320.1,233.8869584,19.72225,QSO type1-BL,Millquas,6.4,P,,True,1
HSCJ0844+0226,131.2359167,2.4445833,Active galactic nuclei; High-redshift galaxies; Lyman-alpha galaxies; Quasars; Starburst galaxies,eJWST,6.4,S1L,2019ApJ...883..183M,True,4
HSC J113753.64+004509.7,174.4735,0.7526945,QSO type1-BL,Millquas,6.4,S1L,2019ApJ...883..183M,True,4
HSC J084456.62+022640.5,131.2359167,2.4445834,QSO-NL,Millquas,6.4,S1L,2019ApJ...883..183M,True,5
HSC J2236+0032,339.185853,0.549031,AGN type1,Millquas,6.4039,S1L,2023Natur.621...51D,True,37
DES J021638.85-522620.6,34.161951,-52.439068,QSO type1-BL,Millquas,6.41,SUN,2019AJ....157..236Y,True,1
HSC J1004+0239,151.0056667,2.6585278,QSO type1-BL,Millquas,6.41,S1L,2022MNRAS.517.1264L,True,4
J1148+5251,177.0691667,52.8638889,Quasars,eJWST,6.4189,SUN,2017MNRAS.471.2143L,True,41
PSO J011.3899+09.0325,11.3898667,9.0324889,QSO type1-BL,Millquas,6.42,S,2017ApJ...849...91M,True,1
CFHQS J23291-0301,352.2846,-3.0330778,QSO type1-BL,Millquas,6.43,S,2007AJ 132435....1O,True,4
CFHQS J021013-045620,32.554979,-4.939186,QSO type1-BL,Millquas,6.4323,S1L,2022ApJ...941..106F,True,4
PSO J183.1124+05.0926,183.1123851,5.0926558,QSO type1-BL,Millquas,6.439,S,2017ApJ...849...91M,True,6
PSO J261.0364+19.0286,261.0364292,19.0286445,QSO type1-BL,Millquas,6.44,S,2017ApJ...849...91M,True,1
SDSS J114816.64+525150.3,177.0693626,52.8639754,QSO type1-BL,Millquas,6.44,S,2020ApJS..250....8L,True,771
VIK J2318-3113,349.5764625,-31.2295417,QSO type1-BL-R,Millquas,6.4429,S1L,2024A&A...687A.242I,True,4
DES J213110.29-435902.5,322.792875,-43.9840278,QSO type1-BL,Millquas,6.45,SUN,2019AJ....157..236Y,True,1
PSO J247.2970+24.1277,247.297045,24.1276839,QSO type1-BL,Millquas,6.476,SLS,2019ApJ...884...30W,True,4
JADES_954,189.1519583,62.2596389,Active galactic nuclei,eJWST,6.48,PUN,2021MNRAS.500.5229E,True,16
HSC J135012.04-002705.2,207.5501667,-0.4514445,QSO type1-BL,Millquas,6.49,S1L,2019ApJ...883..183M,True,4
DESI J140258.02-062904.5,210.74178,-6.4846,QSO type1-BL,Millquas,6.49,SUN,2023ApJS..269...27Y,True,4
HSC J1545+4232,236.2734167,42.5365556,QSO type1-BL,Millquas,6.5,P,2018ApJS..237....5M,True,4
PSO J344.1442-02.7664,344.1442962,-2.766438,QSO type1-BL,Millquas,6.5,P,2020ApJ...903...34A,True,4
VDESJ0224-4711,36.110612,-47.191489,QSO type1-BL,Millquas,6.5,P,2017MNRAS.468.4702R,True,203
DESI J011553.41+031829.3,18.97252,3.30816,QSO type1-BL,Millquas,6.51,SUN,2023ApJS..269...27Y,True,4
J1110M1329,167.6415,-13.496,High-redshift galaxies; Quasars,eJWST,6.5148,S1L,2022ApJ...941..106F,True,2
PSO J167.6415-13.4960,167.6415834,-13.496,QSO type1-BL,Millquas,6.5148,S1L,2022ApJ...941..106F,True,204
UHS J043947.08+163415.7,69.946243,16.5710608,QSO type1-BL-X,Millquas,6.5185,SLS,2023A&A...680A..82C,True,12
PSO J036.5078+03.0498,36.5078093,3.0498386,QSO type1-BL-X,Millquas,6.527,S,2015ApJ..801L...11V,True,2669
DESI J144355.05+350055.6,220.97939,35.01546,QSO type1-BL,Millquas,6.53,SUN,2023ApJS..269...27Y,True,4
DES J052559.67-240622.9,81.498629,-24.106375,QSO type1-BL,Millquas,6.5397,S1L,2022ApJ...941..106F,True,199
J0525M2406,81.4986458,-24.1063833,High-redshift galaxies; Quasars,eJWST,6.5397,S1L,2022ApJ...941..106F,True,1
J0226P0302,36.5077917,3.0498,High-redshift galaxies; Quasars,eJWST,6.5405,S1L,2023ApJ...951L...5Y,True,69
HSC J0921+0007,140.3356667,0.1230278,QSO type1-BL,Millquas,6.56,S,2018ApJS..237....5M,True,204
NIRES J233807.03+214358.1,354.529301,21.732827,QSO type1-BL,Millquas,6.565,SUN,2023ApJ...954..164T,True,4
DELS J070626.39+292105.5,106.6099585,29.3515278,QSO type1-BL,Millquas,6.58,S,,True,202
NIRES J105807.72+293041.7,164.532185,29.511591,QSO type1-BL,Millquas,6.5846,S1L,2022ApJ...941..106F,True,202
DELS J113508.93+501133.0,173.7872084,50.1925,QSO type1-BL,Millquas,6.5851,S1L,2022ApJ...941..106F,True,4
PSO J231.6576-20.8335,231.6576893,-20.8335784,QSO type1-BL,Millquas,6.58651,UUN,2017Natur.545..457D,True,199
J1526M2050,231.6576667,-20.8335167,High-redshift galaxies; Quasars,eJWST,6.58651,UUN,2017Natur.545..457D,True,2
J2132P1217,323.1382917,12.2986833,High-redshift galaxies; Quasars,eJWST,6.5881,SLS,2019ApJ...884...30W,True,3
PSO J323.1382+12.2986,323.1382458,12.298644,QSO type1-BL,Millquas,6.5881,SLS,2019ApJ...884...30W,True,196
HSC J0923+0402,140.9463334,4.0484445,QSO type1-BL,Millquas,6.6,P,2018ApJS..237....5M,True,208
ILTJ2336+1842,354.102875,18.7135306,QSO type1-BL-R,Millquas,6.6,SUN,2023A&A...678A.128G,True,4
J0706P2921,106.6099125,29.3515167,High-redshift galaxies; Quasars,eJWST,6.6037,S1L,2022ApJ...941..106F,True,1
VIKING J0305-3150,46.320483,-31.848849,QSO type1-BL,Millquas,6.604,S,2013ApJ 7..24....1S,True,1177
PSO J006.1240+39.2219,6.1240398,39.2219428,QSO type1-BL,Millquas,6.61,S,,True,1
J0305M3150,46.3205,-31.8488889,High-redshift galaxies; Quasars,eJWST,6.6145,S1L,2024A&A...684A..33K,True,3
DELS J104819.09-010940.2,162.0795417,-1.1611695,QSO type1-BL,Millquas,6.63,S,2017ApJ...839...27W,True,200
J0923P0402,140.9463208,4.0484944,High-redshift galaxies; Quasars,eJWST,6.6321,S1L,2024ApJ...970....9B,True,2
J0910M0414,137.7272292,-4.2352333,High-redshift galaxies; Quasars,eJWST,6.6363,S1L,2024ApJ...962L..11W,True,2
DELS J091054.53-041406.8,137.7272084,-4.2352223,QSO type1-BL,Millquas,6.6363,S1L,2024ApJ...962L..11W,False,203
VHS J210219.22-145854.0,315.5800834,-14.9816667,QSO type1-BL,Millquas,6.648,S,,True,197
DELS J121627.58+451910.7,184.1149167,45.3196389,QSO type1-BL-R,Millquas,6.654,S,,True,4
PSO J338.2298+29.5089,338.2297917,29.5089445,QSO type1-BL,Millquas,6.658,S,2015ApJ..801L...11V,True,196
J2232P2930,338.2297917,29.5089,High-redshift galaxies; Quasars,eJWST,6.669,S1L,2023ApJ...951L...5Y,True,2
HSC J225209.17+040243.8,343.0382084,4.0455,QSO type1-BL,Millquas,6.67,SLS,2022ApJS..259...18M,True,5
GNIRS J092359.00+075349.1,140.995821,7.896974,QSO type1-BL,Millquas,6.682,S,,True,202
GNIRS J200241.59-301321.6,300.673308,-30.222692,QSO type1-BL,Millquas,6.6876,S1L,2023ApJ...951L...5Y,True,204
HSC J000142.54+000057.5,0.426972,0.0159429,QSO type1-BL,Millquas,6.69,S1L,2019ApJ...883..183M,False,1
J0001+0000,0.42725,0.0159722,High-redshift galaxies; Quasars,eJWST,6.69,S1L,2019ApJ...883..183M,True,1
HSC J123137.77+005230.3,187.907375,0.8750834,QSO type1-BL,Millquas,6.69,S1L,2019ApJ...883..183M,True,4
DELS J083737.84+492900.4,129.407659,49.4834431,QSO type1-BL,Millquas,6.702,S1L,2022ApJ...941..106F,True,1
HSC J134400.87+012827.8,206.003625,1.4743889,QSO type1-BL,Millquas,6.72,S1L,2019ApJ...883..183M,True,4
HSC J0213-0626,33.320549,-6.437583,QSO type1-BL,Millquas,6.72,S1L,2022MNRAS.517.1264L,True,4
DELS J091013.63+165629.8,137.5567917,16.9416112,QSO type1-BL,Millquas,6.7289,S1L,2022ApJ...941..106F,True,191
VDES J0244-5008,41.004297,-50.148263,QSO type1-BL-X,Millquas,6.7306,S1L,2023ApJ...951L...5Y,True,196
DELS J110421.59+213428.8,166.0899582,21.5746423,QSO type1-BL,Millquas,6.74,S,,True,194
VIKING J0109-3047,17.47135,-30.79063,QSO type1-BL,Millquas,6.745,S,2013ApJ 7..24....1S,True,190
HSC J1205-0000,181.2712084,-0.00775,QSO type1-BL,Millquas,6.75,S,2018PASJ..70S...35M,True,4
DELS J082931.97+411740.4,127.3832084,41.2945556,QSO type1-BL,Millquas,6.768,S,,True,1
HSC J021847.04+000715.0,34.696,0.1208334,QSO type1-BL,Millquas,6.78,S,2022ApJS..259...18M,True,209
HSC J161207.12+555919.2,243.0296667,55.9886667,QSO-NL,Millquas,6.78,S1L,2019ApJ...883..183M,True,9
HSC J1429-0104,217.2628334,-1.0787223,QSO type1-BL,Millquas,6.8,S1L,2018PASJ...70S..35M,True,4
COS-2987030247,150.12444,2.21729,QSO type1-BL,Millquas,6.8076,S1L,2023A&A...669A..46P,False,34
DELS J041128.63-090749.8,62.8693224,-9.1304831,QSO type1-BL,Millquas,6.81,S,,True,23
HSC J011257.84+011042.4,18.241,1.1784445,QSO type1-BL,Millquas,6.82,S1L,2019ApJ...883..183M,True,1
QSO-J1310-0050,197.7083333,-0.8483333,Infrared sources,eJWST,6.82,SLS,2022ApJS..259...18M,True,8
PSO J172.3556+18.7734,172.3557084,18.7734139,QSO type1-BL,Millquas,6.824,S1L,2022ApJ...941..106F,True,202
J1129P1846,172.3557,18.773425,High-redshift galaxies; Quasars,eJWST,6.824,S1L,2022ApJ...941..106F,True,2
DES J031941.66-100846.0,49.923685,-10.146116,QSO type1-BL,Millquas,6.8275,S1L,2022ApJ...941..106F,True,4
VDES J0020-3653,5.131212,-36.894982,QSO type1-BL,Millquas,6.834,S,2019MNRAS.487.1874R,True,15
COS-87259,149.7427917,1.6556112,QSO type1-BL,Millquas,6.8532,S1L,2023MNRAS.520.4609E,True,55
COS-3018555981,150.12575,2.26661,QSO type1-BL,Millquas,6.854,SUN,2017MNRAS.471.2143L,False,33
VDESJ0020-3653,5.1311333,-36.89495,High-redshift galaxies; Quasars,eJWST,6.8601,SLS,2023A&A...680A..82C,True,5
DES J221100.60-632055.8,332.75251,-63.348869,QSO type1-BL,Millquas,6.88,S,2019AJ....157..236Y,True,1
VIKING J2348-3054,357.1389167,-30.9027778,QSO type1-BL,Millquas,6.886,S,2013ApJ 7..24....1S,True,4
HSC J2210+0304,332.6135,3.0745834,QSO type1-BL,Millquas,6.9,S1L,2022MNRAS.517.1264L,True,4
SPT0311-58-CENTRALS,47.8880833,-58.3926111,Galaxy halos; High-redshift galaxies; Starburst galaxies; Ultraluminous infrared galaxies,eJWST,6.9,SUN,2018Natur.553...51M,True,4
DELS J083946.88+390011.5,129.9453763,39.0031771,QSO type1-BL,Millquas,6.9046,S1L,2022ApJ...941..106F,True,4
QSO-J1609+5328,242.4708333,53.4725,Infrared sources,eJWST,6.92,S1L,2019ApJ...883..183M,True,18
HSC J160953.03+532821.0,242.4709584,53.4725,QSO type1-BL,Millquas,6.92,S1L,2019ApJ...883..183M,True,4
CEERS_00717,215.0814167,52.9721944,Active galactic nuclei,eJWST,6.932,SLS,2023MNRAS.526.1657T,True,2
DES J025216.64-050331.8,43.069397,-5.058856,QSO type1-BL,Millquas,7.02,S,2019AJ....157..236Y,True,5
DELS J003836.10-152723.6,9.6504167,-15.4565556,QSO type1-BL,Millquas,7.021,S,,False,1
Abell2744-QSO1a,3.5798375,-30.4015722,Active galactic nuclei,eJWST,7.0451,SLS,2024Natur.628...57F,True,2
ULAS J112001.48+064124.3,170.0061667,6.6900834,QSO type1-BL-X,Millquas,7.0848,S1L,2022ApJ...941..106F,True,878
J1120+0641,170.0061667,6.6900833,Quasars,eJWST,7.0848,S1L,2022ApJ...941..106F,True,92
COS-zs7-1,150.09904,2.3436043,QSO type1-BL,Millquas,7.149,S,2017ApJ...851...40L,False,63
GNZ7Q,189.0706454,62.2089528,High-redshift galaxies; Quasars; Starburst galaxies,eJWST,7.1899,S1L,2022Natur.604..261F,True,7
REBELS-25,150.134675,1.7420167,Disk galaxies ; High-redshift galaxies ; Ultraluminous infrared galaxies,eJWST,7.3065,S1L,2024MNRAS.533.3098A,True,24
Poniua`ena J1007+2115,151.9927667,21.2581139,QSO type1-BL,Millquas,7.5149,SST,2023ApJ...954L..10F,True,57
ULASJ1342+0928,205.5337375,9.4773,Quasars,eJWST,7.54,S1L,2022ApJ...941..106F,True,2
ULAS J134208.10+092838.6,205.53375,9.4773917,QSO type1-BL,Millquas,7.54,S1L,2022ApJ...941..106F,True,120
J1342+0928,205.53375,9.4773889,Quasars,eJWST,7.54,S1L,2022ApJ...941..106F,True,2
J031343.84-180636.4,48.4326667,-18.1101112,QSO type1-BL,Millquas,7.6423,S1L,2022ApJ...941..106F,True,555
